commit,gpu,driver,nvcc,torch,ncu,clock_mhz,impl,stage,dtype,B,H,N,D,causal,ms_median,ms_p10,ms_p90,tflops,gbps,notes
3add37c,Tesla T4,580.82.07,12.8.93,2.11.0+cu128,2025.1.1.0,,sdpa_flash,0,fp32,2,8,2048,64,0,,,,,,run=2026-09-03T06:51:26Z;backend_refused:Memory efficient kernel not used because: (Triggered internally at /pytorch/aten/src/ATen/native/transformers/cuda/sdp_utils.cpp:986.) | Memory Efficient attention has been runtime disabled. (Triggere
3add37c,Tesla T4,580.82.07,12.8.93,2.11.0+cu128,2025.1.1.0,,sdpa_cudnn,0,fp32,2,8,2048,64,0,,,,,,run=2026-09-03T06:51:26Z;backend_refused:Memory efficient kernel not used because: (Triggered internally at /pytorch/aten/src/ATen/native/transformers/cuda/sdp_utils.cpp:986.) | Memory Efficient attention has been runtime disabled. (Triggere
3add37c,Tesla T4,580.82.07,12.8.93,2.11.0+cu128,2025.1.1.0,,flash_attn,0,fp32,2,8,2048,64,0,,,,,,run=2026-09-03T06:51:26Z;backend_refused:not importable: No module named 'flash_attn'
3add37c,Tesla T4,580.82.07,12.8.93,2.11.0+cu128,2025.1.1.0,585,tiled,2,fp32,2,8,2048,64,0,59.1586,59.1527,59.1668,0.290,18.7,run=2026-09-03T06:51:26Z;clock_lock=585;iters=100;max_err=4.769e-07 torch_same_dtype_err=4.252e-07 tol=1.850e-06 cap=1e-04
3add37c,Tesla T4,580.82.07,12.8.93,2.11.0+cu128,2025.1.1.0,585,sdpa_efficient,0,fp32,2,8,2048,64,0,11.6060,11.5925,11.6179,1.480,2.9,run=2026-09-03T06:51:26Z;clock_lock=585;iters=100;max_err=5.612e-07 torch_same_dtype_err=4.252e-07 tol=1.850e-06 cap=1e-04
3add37c,Tesla T4,580.82.07,12.8.93,2.11.0+cu128,2025.1.1.0,585,sdpa_math_fp32,0,fp32,2,8,2048,64,0,14.0586,14.0453,14.0711,1.222,78.8,oracle_not_speed_baseline;run=2026-09-03T06:51:26Z;clock_lock=585;iters=100;max_err=5.365e-07 torch_same_dtype_err=4.252e-07 tol=1.850e-06 cap=1e-04
3add37c,Tesla T4,580.82.07,12.8.93,2.11.0+cu128,2025.1.1.0,585,torch_unfused,0,fp32,2,8,2048,64,0,12.1628,12.1488,12.1774,1.412,91.0,run=2026-09-03T06:51:26Z;clock_lock=585;iters=100;max_err=4.769e-07 torch_same_dtype_err=4.252e-07 tol=1.850e-06 cap=1e-04
3add37c,Tesla T4,580.82.07,12.8.93,2.11.0+cu128,2025.1.1.0,,sdpa_flash,0,fp32,2,8,2048,128,0,,,,,,run=2026-09-03T06:51:26Z;backend_refused:Memory efficient kernel not used because: (Triggered internally at /pytorch/aten/src/ATen/native/transformers/cuda/sdp_utils.cpp:986.) | Memory Efficient attention has been runtime disabled. (Triggere
3add37c,Tesla T4,580.82.07,12.8.93,2.11.0+cu128,2025.1.1.0,,sdpa_cudnn,0,fp32,2,8,2048,128,0,,,,,,run=2026-09-03T06:51:26Z;backend_refused:Memory efficient kernel not used because: (Triggered internally at /pytorch/aten/src/ATen/native/transformers/cuda/sdp_utils.cpp:986.) | Memory Efficient attention has been runtime disabled. (Triggere
3add37c,Tesla T4,580.82.07,12.8.93,2.11.0+cu128,2025.1.1.0,,flash_attn,0,fp32,2,8,2048,128,0,,,,,,run=2026-09-03T06:51:26Z;backend_refused:not importable: No module named 'flash_attn'
3add37c,Tesla T4,580.82.07,12.8.93,2.11.0+cu128,2025.1.1.0,585,tiled,2,fp32,2,8,2048,128,0,115.8372,115.8314,115.8494,0.297,9.8,run=2026-09-03T06:51:26Z;clock_lock=585;iters=100;max_err=4.762e-07 torch_same_dtype_err=3.636e-07 tol=1.727e-06 cap=1e-04
3add37c,Tesla T4,580.82.07,12.8.93,2.11.0+cu128,2025.1.1.0,585,sdpa_efficient,0,fp32,2,8,2048,128,0,20.8671,20.8609,20.8739,1.647,3.2,run=2026-09-03T06:51:26Z;clock_lock=585;iters=100;max_err=4.110e-07 torch_same_dtype_err=3.636e-07 tol=1.727e-06 cap=1e-04
3add37c,Tesla T4,580.82.07,12.8.93,2.11.0+cu128,2025.1.1.0,585,sdpa_math_fp32,0,fp32,2,8,2048,128,0,19.8717,19.8567,19.8840,1.729,57.4,oracle_not_speed_baseline;run=2026-09-03T06:51:26Z;clock_lock=585;iters=100;max_err=4.219e-07 torch_same_dtype_err=3.636e-07 tol=1.727e-06 cap=1e-04
3add37c,Tesla T4,580.82.07,12.8.93,2.11.0+cu128,2025.1.1.0,585,torch_unfused,0,fp32,2,8,2048,128,0,17.8315,17.8176,17.8443,1.927,64.0,run=2026-09-03T06:51:26Z;clock_lock=585;iters=100;max_err=4.762e-07 torch_same_dtype_err=3.636e-07 tol=1.727e-06 cap=1e-04
3add37c,Tesla T4,580.82.07,12.8.93,2.11.0+cu128,2025.1.1.0,,sdpa_flash,0,fp32,1,8,128,64,0,,,,,,run=2026-09-03T06:54:17Z;backend_refused:Memory efficient kernel not used because: (Triggered internally at /pytorch/aten/src/ATen/native/transformers/cuda/sdp_utils.cpp:986.) | Memory Efficient attention has been runtime disabled. (Triggere
3add37c,Tesla T4,580.82.07,12.8.93,2.11.0+cu128,2025.1.1.0,,sdpa_cudnn,0,fp32,1,8,128,64,0,,,,,,run=2026-09-03T06:54:17Z;backend_refused:Memory efficient kernel not used because: (Triggered internally at /pytorch/aten/src/ATen/native/transformers/cuda/sdp_utils.cpp:986.) | Memory Efficient attention has been runtime disabled. (Triggere
3add37c,Tesla T4,580.82.07,12.8.93,2.11.0+cu128,2025.1.1.0,,flash_attn,0,fp32,1,8,128,64,0,,,,,,run=2026-09-03T06:54:17Z;backend_refused:not importable: No module named 'flash_attn'
3add37c,Tesla T4,580.82.07,12.8.93,2.11.0+cu128,2025.1.1.0,585,tiled,2,fp32,1,8,128,64,0,0.1986,0.1972,0.1989,0.169,15.8,run=2026-09-03T06:54:17Z;clock_lock=585;iters=1000;max_err=4.397e-07 torch_same_dtype_err=3.979e-07 tol=1.796e-06 cap=1e-04
3add37c,Tesla T4,580.82.07,12.8.93,2.11.0+cu128,2025.1.1.0,585,sdpa_efficient,0,fp32,1,8,128,64,0,0.0738,0.0737,0.0745,0.455,14.3,run=2026-09-03T06:54:17Z;clock_lock=585;iters=1000;max_err=5.096e-07 torch_same_dtype_err=3.979e-07 tol=1.796e-06 cap=1e-04
3add37c,Tesla T4,580.82.07,12.8.93,2.11.0+cu128,2025.1.1.0,585,sdpa_math_fp32,0,fp32,1,8,128,64,0,0.1208,0.1198,0.1210,0.278,26.0,oracle_not_speed_baseline;run=2026-09-03T06:54:17Z;clock_lock=585;iters=1000;max_err=4.397e-07 torch_same_dtype_err=3.979e-07 tol=1.796e-06 cap=1e-04
3add37c,Tesla T4,580.82.07,12.8.93,2.11.0+cu128,2025.1.1.0,585,torch_unfused,0,fp32,1,8,128,64,0,0.0879,0.0868,0.0881,0.382,35.8,run=2026-09-03T06:54:17Z;clock_lock=585;iters=1000;max_err=4.099e-07 torch_same_dtype_err=3.979e-07 tol=1.796e-06 cap=1e-04
3add37c,Tesla T4,580.82.07,12.8.93,2.11.0+cu128,2025.1.1.0,,sdpa_flash,0,fp32,1,8,128,64,1,,,,,,flops=full;run=2026-09-03T06:54:17Z;backend_refused:Memory efficient kernel not used because: (Triggered internally at /pytorch/aten/src/ATen/native/transformers/cuda/sdp_utils.cpp:986.) | Memory Efficient attention has been runtime disabled. (Triggere
3add37c,Tesla T4,580.82.07,12.8.93,2.11.0+cu128,2025.1.1.0,,sdpa_cudnn,0,fp32,1,8,128,64,1,,,,,,flops=full;run=2026-09-03T06:54:17Z;backend_refused:Memory efficient kernel not used because: (Triggered internally at /pytorch/aten/src/ATen/native/transformers/cuda/sdp_utils.cpp:986.) | Memory Efficient attention has been runtime disabled. (Triggere
3add37c,Tesla T4,580.82.07,12.8.93,2.11.0+cu128,2025.1.1.0,,flash_attn,0,fp32,1,8,128,64,1,,,,,,flops=full;run=2026-09-03T06:54:17Z;backend_refused:not importable: No module named 'flash_attn'
3add37c,Tesla T4,580.82.07,12.8.93,2.11.0+cu128,2025.1.1.0,585,tiled,2,fp32,1,8,128,64,1,0.1987,0.1983,0.1999,0.169,15.8,flops=full;run=2026-09-03T06:54:17Z;clock_lock=585;iters=1000;max_err=5.474e-07 torch_same_dtype_err=5.362e-07 tol=2.072e-06 cap=1e-04
3add37c,Tesla T4,580.82.07,12.8.93,2.11.0+cu128,2025.1.1.0,585,sdpa_efficient,0,fp32,1,8,128,64,1,0.0747,0.0738,0.0756,0.449,14.1,flops=full;run=2026-09-03T06:54:17Z;clock_lock=585;iters=1000;max_err=5.174e-07 torch_same_dtype_err=5.362e-07 tol=2.072e-06 cap=1e-04
3add37c,Tesla T4,580.82.07,12.8.93,2.11.0+cu128,2025.1.1.0,585,sdpa_math_fp32,0,fp32,1,8,128,64,1,0.1536,0.1533,0.1547,0.218,20.5,oracle_not_speed_baseline;flops=full;run=2026-09-03T06:54:17Z;clock_lock=585;iters=1000;max_err=5.958e-07 torch_same_dtype_err=5.362e-07 tol=2.072e-06 cap=1e-04
3add37c,Tesla T4,580.82.07,12.8.93,2.11.0+cu128,2025.1.1.0,585,torch_unfused,0,fp32,1,8,128,64,1,0.1055,0.1046,0.1064,0.318,29.8,flops=full;run=2026-09-03T06:54:17Z;clock_lock=585;iters=1000;max_err=5.204e-07 torch_same_dtype_err=5.362e-07 tol=2.072e-06 cap=1e-04
3add37c,Tesla T4,580.82.07,12.8.93,2.11.0+cu128,2025.1.1.0,,sdpa_flash,0,fp32,8,32,128,64,0,,,,,,run=2026-09-03T06:54:17Z;backend_refused:Memory efficient kernel not used because: (Triggered internally at /pytorch/aten/src/ATen/native/transformers/cuda/sdp_utils.cpp:986.) | Memory Efficient attention has been runtime disabled. (Triggere
3add37c,Tesla T4,580.82.07,12.8.93,2.11.0+cu128,2025.1.1.0,,sdpa_cudnn,0,fp32,8,32,128,64,0,,,,,,run=2026-09-03T06:54:17Z;backend_refused:Memory efficient kernel not used because: (Triggered internally at /pytorch/aten/src/ATen/native/transformers/cuda/sdp_utils.cpp:986.) | Memory Efficient attention has been runtime disabled. (Triggere
3add37c,Tesla T4,580.82.07,12.8.93,2.11.0+cu128,2025.1.1.0,,flash_attn,0,fp32,8,32,128,64,0,,,,,,run=2026-09-03T06:54:17Z;backend_refused:not importable: No module named 'flash_attn'
3add37c,Tesla T4,580.82.07,12.8.93,2.11.0+cu128,2025.1.1.0,585,tiled,2,fp32,8,32,128,64,0,4.3791,4.3779,4.3807,0.245,23.0,run=2026-09-03T06:54:17Z;clock_lock=585;iters=114;max_err=5.865e-07 torch_same_dtype_err=4.026e-07 tol=1.805e-06 cap=1e-04
3add37c,Tesla T4,580.82.07,12.8.93,2.11.0+cu128,2025.1.1.0,585,sdpa_efficient,0,fp32,8,32,128,64,0,0.8356,0.8274,0.8396,1.285,40.3,run=2026-09-03T06:54:17Z;clock_lock=585;iters=593;max_err=4.077e-07 torch_same_dtype_err=4.026e-07 tol=1.805e-06 cap=1e-04
3add37c,Tesla T4,580.82.07,12.8.93,2.11.0+cu128,2025.1.1.0,585,sdpa_math_fp32,0,fp32,8,32,128,64,0,1.1878,1.1857,1.1901,0.904,84.7,oracle_not_speed_baseline;run=2026-09-03T06:54:17Z;clock_lock=585;iters=416;max_err=5.865e-07 torch_same_dtype_err=4.026e-07 tol=1.805e-06 cap=1e-04
3add37c,Tesla T4,580.82.07,12.8.93,2.11.0+cu128,2025.1.1.0,585,torch_unfused,0,fp32,8,32,128,64,0,0.8242,0.8221,0.8266,1.303,122.1,run=2026-09-03T06:54:17Z;clock_lock=585;iters=597;max_err=5.865e-07 torch_same_dtype_err=4.026e-07 tol=1.805e-06 cap=1e-04
3add37c,Tesla T4,580.82.07,12.8.93,2.11.0+cu128,2025.1.1.0,,sdpa_flash,0,fp32,8,32,128,64,1,,,,,,flops=full;run=2026-09-03T06:54:17Z;backend_refused:Memory efficient kernel not used because: (Triggered internally at /pytorch/aten/src/ATen/native/transformers/cuda/sdp_utils.cpp:986.) | Memory Efficient attention has been runtime disabled. (Triggere
3add37c,Tesla T4,580.82.07,12.8.93,2.11.0+cu128,2025.1.1.0,,sdpa_cudnn,0,fp32,8,32,128,64,1,,,,,,flops=full;run=2026-09-03T06:54:17Z;backend_refused:Memory efficient kernel not used because: (Triggered internally at /pytorch/aten/src/ATen/native/transformers/cuda/sdp_utils.cpp:986.) | Memory Efficient attention has been runtime disabled. (Triggere
3add37c,Tesla T4,580.82.07,12.8.93,2.11.0+cu128,2025.1.1.0,,flash_attn,0,fp32,8,32,128,64,1,,,,,,flops=full;run=2026-09-03T06:54:17Z;backend_refused:not importable: No module named 'flash_attn'
3add37c,Tesla T4,580.82.07,12.8.93,2.11.0+cu128,2025.1.1.0,585,tiled,2,fp32,8,32,128,64,1,3.6495,3.5964,3.6524,0.294,27.6,flops=full;run=2026-09-03T06:54:17Z;clock_lock=585;iters=137;max_err=6.650e-07 torch_same_dtype_err=5.311e-07 tol=2.062e-06 cap=1e-04
3add37c,Tesla T4,580.82.07,12.8.93,2.11.0+cu128,2025.1.1.0,585,sdpa_efficient,0,fp32,8,32,128,64,1,0.6345,0.6267,0.6425,1.692,53.1,flops=full;run=2026-09-03T06:54:17Z;clock_lock=585;iters=771;max_err=6.041e-07 torch_same_dtype_err=5.311e-07 tol=2.062e-06 cap=1e-04
3add37c,Tesla T4,580.82.07,12.8.93,2.11.0+cu128,2025.1.1.0,585,sdpa_math_fp32,0,fp32,8,32,128,64,1,1.3599,1.3578,1.3624,0.790,74.0,oracle_not_speed_baseline;flops=full;run=2026-09-03T06:54:17Z;clock_lock=585;iters=360;max_err=7.592e-07 torch_same_dtype_err=5.311e-07 tol=2.062e-06 cap=1e-04
3add37c,Tesla T4,580.82.07,12.8.93,2.11.0+cu128,2025.1.1.0,585,torch_unfused,0,fp32,8,32,128,64,1,1.1143,1.1121,1.1170,0.964,90.3,flops=full;run=2026-09-03T06:54:17Z;clock_lock=585;iters=440;max_err=6.054e-07 torch_same_dtype_err=5.311e-07 tol=2.062e-06 cap=1e-04
3add37c,Tesla T4,580.82.07,12.8.93,2.11.0+cu128,2025.1.1.0,,sdpa_flash,0,fp32,1,8,128,128,0,,,,,,run=2026-09-03T06:54:17Z;backend_refused:Memory efficient kernel not used because: (Triggered internally at /pytorch/aten/src/ATen/native/transformers/cuda/sdp_utils.cpp:986.) | Memory Efficient attention has been runtime disabled. (Triggere
3add37c,Tesla T4,580.82.07,12.8.93,2.11.0+cu128,2025.1.1.0,,sdpa_cudnn,0,fp32,1,8,128,128,0,,,,,,run=2026-09-03T06:54:17Z;backend_refused:Memory efficient kernel not used because: (Triggered internally at /pytorch/aten/src/ATen/native/transformers/cuda/sdp_utils.cpp:986.) | Memory Efficient attention has been runtime disabled. (Triggere
3add37c,Tesla T4,580.82.07,12.8.93,2.11.0+cu128,2025.1.1.0,,flash_attn,0,fp32,1,8,128,128,0,,,,,,run=2026-09-03T06:54:17Z;backend_refused:not importable: No module named 'flash_attn'
3add37c,Tesla T4,580.82.07,12.8.93,2.11.0+cu128,2025.1.1.0,585,tiled,2,fp32,1,8,128,128,0,0.3302,0.3281,0.3319,0.203,12.7,run=2026-09-03T06:54:17Z;clock_lock=585;iters=1000;max_err=6.100e-07 torch_same_dtype_err=6.326e-07 tol=2.265e-06 cap=1e-04
3add37c,Tesla T4,580.82.07,12.8.93,2.11.0+cu128,2025.1.1.0,585,sdpa_efficient,0,fp32,1,8,128,128,0,0.0700,0.0696,0.0709,0.959,30.0,run=2026-09-03T06:54:17Z;clock_lock=585;iters=1000;max_err=6.022e-07 torch_same_dtype_err=6.326e-07 tol=2.265e-06 cap=1e-04
3add37c,Tesla T4,580.82.07,12.8.93,2.11.0+cu128,2025.1.1.0,585,sdpa_math_fp32,0,fp32,1,8,128,128,0,0.1389,0.1378,0.1393,0.483,30.2,oracle_not_speed_baseline;run=2026-09-03T06:54:17Z;clock_lock=585;iters=1000;max_err=5.407e-07 torch_same_dtype_err=6.326e-07 tol=2.265e-06 cap=1e-04
3add37c,Tesla T4,580.82.07,12.8.93,2.11.0+cu128,2025.1.1.0,585,torch_unfused,0,fp32,1,8,128,128,0,0.1042,0.1031,0.1044,0.644,40.2,run=2026-09-03T06:54:17Z;clock_lock=585;iters=1000;max_err=6.100e-07 torch_same_dtype_err=6.326e-07 tol=2.265e-06 cap=1e-04
3add37c,Tesla T4,580.82.07,12.8.93,2.11.0+cu128,2025.1.1.0,,sdpa_flash,0,fp32,1,8,128,128,1,,,,,,flops=full;run=2026-09-03T06:54:17Z;backend_refused:Memory efficient kernel not used because: (Triggered internally at /pytorch/aten/src/ATen/native/transformers/cuda/sdp_utils.cpp:986.) | Memory Efficient attention has been runtime disabled. (Triggere
3add37c,Tesla T4,580.82.07,12.8.93,2.11.0+cu128,2025.1.1.0,,sdpa_cudnn,0,fp32,1,8,128,128,1,,,,,,flops=full;run=2026-09-03T06:54:17Z;backend_refused:Memory efficient kernel not used because: (Triggered internally at /pytorch/aten/src/ATen/native/transformers/cuda/sdp_utils.cpp:986.) | Memory Efficient attention has been runtime disabled. (Triggere
3add37c,Tesla T4,580.82.07,12.8.93,2.11.0+cu128,2025.1.1.0,,flash_attn,0,fp32,1,8,128,128,1,,,,,,flops=full;run=2026-09-03T06:54:17Z;backend_refused:not importable: No module named 'flash_attn'
3add37c,Tesla T4,580.82.07,12.8.93,2.11.0+cu128,2025.1.1.0,585,tiled,2,fp32,1,8,128,128,1,0.3318,0.3295,0.3340,0.202,12.6,flops=full;run=2026-09-03T06:54:17Z;clock_lock=585;iters=1000;max_err=8.202e-07 torch_same_dtype_err=4.112e-07 tol=1.822e-06 cap=1e-04
3add37c,Tesla T4,580.82.07,12.8.93,2.11.0+cu128,2025.1.1.0,585,sdpa_efficient,0,fp32,1,8,128,128,1,0.0700,0.0696,0.0710,0.958,30.0,flops=full;run=2026-09-03T06:54:17Z;clock_lock=585;iters=1000;max_err=8.435e-07 torch_same_dtype_err=4.112e-07 tol=1.822e-06 cap=1e-04
3add37c,Tesla T4,580.82.07,12.8.93,2.11.0+cu128,2025.1.1.0,585,sdpa_math_fp32,0,fp32,1,8,128,128,1,0.1727,0.1720,0.1738,0.389,24.3,oracle_not_speed_baseline;flops=full;run=2026-09-03T06:54:17Z;clock_lock=585;iters=1000;max_err=7.901e-07 torch_same_dtype_err=4.112e-07 tol=1.822e-06 cap=1e-04
3add37c,Tesla T4,580.82.07,12.8.93,2.11.0+cu128,2025.1.1.0,585,torch_unfused,0,fp32,1,8,128,128,1,0.1221,0.1212,0.1228,0.549,34.3,flops=full;run=2026-09-03T06:54:17Z;clock_lock=585;iters=1000;max_err=8.202e-07 torch_same_dtype_err=4.112e-07 tol=1.822e-06 cap=1e-04
3add37c,Tesla T4,580.82.07,12.8.93,2.11.0+cu128,2025.1.1.0,,sdpa_flash,0,fp32,8,32,128,128,0,,,,,,run=2026-09-03T06:54:17Z;backend_refused:Memory efficient kernel not used because: (Triggered internally at /pytorch/aten/src/ATen/native/transformers/cuda/sdp_utils.cpp:986.) | Memory Efficient attention has been runtime disabled. (Triggere
3add37c,Tesla T4,580.82.07,12.8.93,2.11.0+cu128,2025.1.1.0,,sdpa_cudnn,0,fp32,8,32,128,128,0,,,,,,run=2026-09-03T06:54:17Z;backend_refused:Memory efficient kernel not used because: (Triggered internally at /pytorch/aten/src/ATen/native/transformers/cuda/sdp_utils.cpp:986.) | Memory Efficient attention has been runtime disabled. (Triggere
3add37c,Tesla T4,580.82.07,12.8.93,2.11.0+cu128,2025.1.1.0,,flash_attn,0,fp32,8,32,128,128,0,,,,,,run=2026-09-03T06:54:17Z;backend_refused:not importable: No module named 'flash_attn'
3add37c,Tesla T4,580.82.07,12.8.93,2.11.0+cu128,2025.1.1.0,585,tiled,2,fp32,8,32,128,128,0,7.9724,7.9708,7.9739,0.269,16.8,run=2026-09-03T06:54:17Z;clock_lock=585;iters=100;max_err=1.260e-06 torch_same_dtype_err=4.554e-07 tol=1.911e-06 cap=1e-04
3add37c,Tesla T4,580.82.07,12.8.93,2.11.0+cu128,2025.1.1.0,585,sdpa_efficient,0,fp32,8,32,128,128,0,1.3944,1.3927,1.3951,1.540,48.2,run=2026-09-03T06:54:17Z;clock_lock=585;iters=349;max_err=1.092e-06 torch_same_dtype_err=4.554e-07 tol=1.911e-06 cap=1e-04
3add37c,Tesla T4,580.82.07,12.8.93,2.11.0+cu128,2025.1.1.0,585,sdpa_math_fp32,0,fp32,8,32,128,128,0,1.7002,1.6979,1.7029,1.263,78.9,oracle_not_speed_baseline;run=2026-09-03T06:54:17Z;clock_lock=585;iters=289;max_err=7.396e-07 torch_same_dtype_err=4.554e-07 tol=1.911e-06 cap=1e-04
3add37c,Tesla T4,580.82.07,12.8.93,2.11.0+cu128,2025.1.1.0,585,torch_unfused,0,fp32,8,32,128,128,0,1.1962,1.1944,1.1982,1.795,112.2,run=2026-09-03T06:54:17Z;clock_lock=585;iters=412;max_err=1.200e-06 torch_same_dtype_err=4.554e-07 tol=1.911e-06 cap=1e-04
3add37c,Tesla T4,580.82.07,12.8.93,2.11.0+cu128,2025.1.1.0,,sdpa_flash,0,fp32,8,32,128,128,1,,,,,,flops=full;run=2026-09-03T06:54:17Z;backend_refused:Memory efficient kernel not used because: (Triggered internally at /pytorch/aten/src/ATen/native/transformers/cuda/sdp_utils.cpp:986.) | Memory Efficient attention has been runtime disabled. (Triggere
3add37c,Tesla T4,580.82.07,12.8.93,2.11.0+cu128,2025.1.1.0,,sdpa_cudnn,0,fp32,8,32,128,128,1,,,,,,flops=full;run=2026-09-03T06:54:17Z;backend_refused:Memory efficient kernel not used because: (Triggered internally at /pytorch/aten/src/ATen/native/transformers/cuda/sdp_utils.cpp:986.) | Memory Efficient attention has been runtime disabled. (Triggere
3add37c,Tesla T4,580.82.07,12.8.93,2.11.0+cu128,2025.1.1.0,,flash_attn,0,fp32,8,32,128,128,1,,,,,,flops=full;run=2026-09-03T06:54:17Z;backend_refused:not importable: No module named 'flash_attn'
3add37c,Tesla T4,580.82.07,12.8.93,2.11.0+cu128,2025.1.1.0,585,tiled,2,fp32,8,32,128,128,1,6.5103,6.3982,6.5132,0.330,20.6,flops=full;run=2026-09-03T06:54:17Z;clock_lock=585;iters=100;max_err=7.379e-07 torch_same_dtype_err=4.314e-07 tol=1.863e-06 cap=1e-04
3add37c,Tesla T4,580.82.07,12.8.93,2.11.0+cu128,2025.1.1.0,585,sdpa_efficient,0,fp32,8,32,128,128,1,1.1615,1.1555,1.1694,1.849,57.9,flops=full;run=2026-09-03T06:54:17Z;clock_lock=585;iters=423;max_err=6.348e-07 torch_same_dtype_err=4.314e-07 tol=1.863e-06 cap=1e-04
3add37c,Tesla T4,580.82.07,12.8.93,2.11.0+cu128,2025.1.1.0,585,sdpa_math_fp32,0,fp32,8,32,128,128,1,1.8738,1.8712,1.8762,1.146,71.6,oracle_not_speed_baseline;flops=full;run=2026-09-03T06:54:17Z;clock_lock=585;iters=265;max_err=7.211e-07 torch_same_dtype_err=4.314e-07 tol=1.863e-06 cap=1e-04
3add37c,Tesla T4,580.82.07,12.8.93,2.11.0+cu128,2025.1.1.0,585,torch_unfused,0,fp32,8,32,128,128,1,1.4879,1.4853,1.4905,1.443,90.2,flops=full;run=2026-09-03T06:54:17Z;clock_lock=585;iters=332;max_err=7.583e-07 torch_same_dtype_err=4.314e-07 tol=1.863e-06 cap=1e-04
3add37c,Tesla T4,580.82.07,12.8.93,2.11.0+cu128,2025.1.1.0,,sdpa_flash,0,fp32,1,8,256,64,0,,,,,,run=2026-09-03T06:54:17Z;backend_refused:Memory efficient kernel not used because: (Triggered internally at /pytorch/aten/src/ATen/native/transformers/cuda/sdp_utils.cpp:986.) | Memory Efficient attention has been runtime disabled. (Triggere
3add37c,Tesla T4,580.82.07,12.8.93,2.11.0+cu128,2025.1.1.0,,sdpa_cudnn,0,fp32,1,8,256,64,0,,,,,,run=2026-09-03T06:54:17Z;backend_refused:Memory efficient kernel not used because: (Triggered internally at /pytorch/aten/src/ATen/native/transformers/cuda/sdp_utils.cpp:986.) | Memory Efficient attention has been runtime disabled. (Triggere
3add37c,Tesla T4,580.82.07,12.8.93,2.11.0+cu128,2025.1.1.0,,flash_attn,0,fp32,1,8,256,64,0,,,,,,run=2026-09-03T06:54:17Z;backend_refused:not importable: No module named 'flash_attn'
3add37c,Tesla T4,580.82.07,12.8.93,2.11.0+cu128,2025.1.1.0,585,tiled,2,fp32,1,8,256,64,0,0.5811,0.5800,0.5816,0.231,18.0,run=2026-09-03T06:54:17Z;clock_lock=585;iters=843;max_err=4.170e-07 torch_same_dtype_err=3.512e-07 tol=1.702e-06 cap=1e-04
3add37c,Tesla T4,580.82.07,12.8.93,2.11.0+cu128,2025.1.1.0,585,sdpa_efficient,0,fp32,1,8,256,64,0,0.1516,0.1514,0.1529,0.885,13.9,run=2026-09-03T06:54:17Z;clock_lock=585;iters=1000;max_err=3.512e-07 torch_same_dtype_err=3.512e-07 tol=1.702e-06 cap=1e-04
3add37c,Tesla T4,580.82.07,12.8.93,2.11.0+cu128,2025.1.1.0,585,sdpa_math_fp32,0,fp32,1,8,256,64,0,0.2147,0.2133,0.2152,0.625,48.8,oracle_not_speed_baseline;run=2026-09-03T06:54:17Z;clock_lock=585;iters=1000;max_err=6.256e-07 torch_same_dtype_err=3.512e-07 tol=1.702e-06 cap=1e-04
3add37c,Tesla T4,580.82.07,12.8.93,2.11.0+cu128,2025.1.1.0,585,torch_unfused,0,fp32,1,8,256,64,0,0.1584,0.1577,0.1597,0.847,66.2,run=2026-09-03T06:54:17Z;clock_lock=585;iters=1000;max_err=4.468e-07 torch_same_dtype_err=3.512e-07 tol=1.702e-06 cap=1e-04
3add37c,Tesla T4,580.82.07,12.8.93,2.11.0+cu128,2025.1.1.0,,sdpa_flash,0,fp32,1,8,256,64,1,,,,,,flops=full;run=2026-09-03T06:54:17Z;backend_refused:Memory efficient kernel not used because: (Triggered internally at /pytorch/aten/src/ATen/native/transformers/cuda/sdp_utils.cpp:986.) | Memory Efficient attention has been runtime disabled. (Triggere
3add37c,Tesla T4,580.82.07,12.8.93,2.11.0+cu128,2025.1.1.0,,sdpa_cudnn,0,fp32,1,8,256,64,1,,,,,,flops=full;run=2026-09-03T06:54:17Z;backend_refused:Memory efficient kernel not used because: (Triggered internally at /pytorch/aten/src/ATen/native/transformers/cuda/sdp_utils.cpp:986.) | Memory Efficient attention has been runtime disabled. (Triggere
3add37c,Tesla T4,580.82.07,12.8.93,2.11.0+cu128,2025.1.1.0,,flash_attn,0,fp32,1,8,256,64,1,,,,,,flops=full;run=2026-09-03T06:54:17Z;backend_refused:not importable: No module named 'flash_attn'
3add37c,Tesla T4,580.82.07,12.8.93,2.11.0+cu128,2025.1.1.0,585,tiled,2,fp32,1,8,256,64,1,0.5204,0.5202,0.5217,0.258,20.1,flops=full;run=2026-09-03T06:54:17Z;clock_lock=585;iters=937;max_err=1.038e-06 torch_same_dtype_err=1.038e-06 tol=3.076e-06 cap=1e-04
3add37c,Tesla T4,580.82.07,12.8.93,2.11.0+cu128,2025.1.1.0,585,sdpa_efficient,0,fp32,1,8,256,64,1,0.1529,0.1519,0.1537,0.878,13.8,flops=full;run=2026-09-03T06:54:17Z;clock_lock=585;iters=1000;max_err=1.277e-06 torch_same_dtype_err=1.038e-06 tol=3.076e-06 cap=1e-04
3add37c,Tesla T4,580.82.07,12.8.93,2.11.0+cu128,2025.1.1.0,585,sdpa_math_fp32,0,fp32,1,8,256,64,1,0.2601,0.2590,0.2612,0.516,40.3,oracle_not_speed_baseline;flops=full;run=2026-09-03T06:54:17Z;clock_lock=585;iters=1000;max_err=1.038e-06 torch_same_dtype_err=1.038e-06 tol=3.076e-06 cap=1e-04
3add37c,Tesla T4,580.82.07,12.8.93,2.11.0+cu128,2025.1.1.0,585,torch_unfused,0,fp32,1,8,256,64,1,0.1931,0.1925,0.1945,0.695,54.3,flops=full;run=2026-09-03T06:54:17Z;clock_lock=585;iters=1000;max_err=1.038e-06 torch_same_dtype_err=1.038e-06 tol=3.076e-06 cap=1e-04
3add37c,Tesla T4,580.82.07,12.8.93,2.11.0+cu128,2025.1.1.0,,sdpa_flash,0,fp32,8,32,256,64,0,,,,,,run=2026-09-03T06:54:17Z;backend_refused:Memory efficient kernel not used because: (Triggered internally at /pytorch/aten/src/ATen/native/transformers/cuda/sdp_utils.cpp:986.) | Memory Efficient attention has been runtime disabled. (Triggere
3add37c,Tesla T4,580.82.07,12.8.93,2.11.0+cu128,2025.1.1.0,,sdpa_cudnn,0,fp32,8,32,256,64,0,,,,,,run=2026-09-03T06:54:17Z;backend_refused:Memory efficient kernel not used because: (Triggered internally at /pytorch/aten/src/ATen/native/transformers/cuda/sdp_utils.cpp:986.) | Memory Efficient attention has been runtime disabled. (Triggere
3add37c,Tesla T4,580.82.07,12.8.93,2.11.0+cu128,2025.1.1.0,,flash_attn,0,fp32,8,32,256,64,0,,,,,,run=2026-09-03T06:54:17Z;backend_refused:not importable: No module named 'flash_attn'
3add37c,Tesla T4,580.82.07,12.8.93,2.11.0+cu128,2025.1.1.0,585,tiled,2,fp32,8,32,256,64,0,15.9809,15.9769,16.0379,0.269,21.0,run=2026-09-03T06:54:17Z;clock_lock=585;iters=100;max_err=9.296e-07 torch_same_dtype_err=5.997e-07 tol=2.199e-06 cap=1e-04
3add37c,Tesla T4,580.82.07,12.8.93,2.11.0+cu128,2025.1.1.0,585,sdpa_efficient,0,fp32,8,32,256,64,0,2.9575,2.9549,2.9634,1.452,22.8,run=2026-09-03T06:54:17Z;clock_lock=585;iters=168;max_err=9.394e-07 torch_same_dtype_err=5.997e-07 tol=2.199e-06 cap=1e-04
3add37c,Tesla T4,580.82.07,12.8.93,2.11.0+cu128,2025.1.1.0,585,sdpa_math_fp32,0,fp32,8,32,256,64,0,3.9753,3.9708,3.9796,1.080,84.4,oracle_not_speed_baseline;run=2026-09-03T06:54:17Z;clock_lock=585;iters=126;max_err=8.699e-07 torch_same_dtype_err=5.997e-07 tol=2.199e-06 cap=1e-04
3add37c,Tesla T4,580.82.07,12.8.93,2.11.0+cu128,2025.1.1.0,585,torch_unfused,0,fp32,8,32,256,64,0,3.0737,3.0686,3.0779,1.397,109.2,run=2026-09-03T06:54:17Z;clock_lock=585;iters=162;max_err=8.699e-07 torch_same_dtype_err=5.997e-07 tol=2.199e-06 cap=1e-04
3add37c,Tesla T4,580.82.07,12.8.93,2.11.0+cu128,2025.1.1.0,,sdpa_flash,0,fp32,8,32,256,64,1,,,,,,flops=full;run=2026-09-03T06:54:17Z;backend_refused:Memory efficient kernel not used because: (Triggered internally at /pytorch/aten/src/ATen/native/transformers/cuda/sdp_utils.cpp:986.) | Memory Efficient attention has been runtime disabled. (Triggere
3add37c,Tesla T4,580.82.07,12.8.93,2.11.0+cu128,2025.1.1.0,,sdpa_cudnn,0,fp32,8,32,256,64,1,,,,,,flops=full;run=2026-09-03T06:54:17Z;backend_refused:Memory efficient kernel not used because: (Triggered internally at /pytorch/aten/src/ATen/native/transformers/cuda/sdp_utils.cpp:986.) | Memory Efficient attention has been runtime disabled. (Triggere
3add37c,Tesla T4,580.82.07,12.8.93,2.11.0+cu128,2025.1.1.0,,flash_attn,0,fp32,8,32,256,64,1,,,,,,flops=full;run=2026-09-03T06:54:17Z;backend_refused:not importable: No module named 'flash_attn'
3add37c,Tesla T4,580.82.07,12.8.93,2.11.0+cu128,2025.1.1.0,585,tiled,2,fp32,8,32,256,64,1,11.4111,11.3585,11.4176,0.376,29.4,flops=full;run=2026-09-03T06:54:17Z;clock_lock=585;iters=100;max_err=7.222e-07 torch_same_dtype_err=6.507e-07 tol=2.301e-06 cap=1e-04
3add37c,Tesla T4,580.82.07,12.8.93,2.11.0+cu128,2025.1.1.0,585,sdpa_efficient,0,fp32,8,32,256,64,1,1.9394,1.9231,1.9562,2.215,34.7,flops=full;run=2026-09-03T06:54:17Z;clock_lock=585;iters=253;max_err=6.507e-07 torch_same_dtype_err=6.507e-07 tol=2.301e-06 cap=1e-04
3add37c,Tesla T4,580.82.07,12.8.93,2.11.0+cu128,2025.1.1.0,585,sdpa_math_fp32,0,fp32,8,32,256,64,1,4.5773,4.5733,4.5812,0.938,73.3,oracle_not_speed_baseline;flops=full;run=2026-09-03T06:54:17Z;clock_lock=585;iters=109;max_err=7.513e-07 torch_same_dtype_err=6.507e-07 tol=2.301e-06 cap=1e-04
3add37c,Tesla T4,580.82.07,12.8.93,2.11.0+cu128,2025.1.1.0,585,torch_unfused,0,fp32,8,32,256,64,1,4.2094,4.2056,4.2147,1.020,79.7,flops=full;run=2026-09-03T06:54:17Z;clock_lock=585;iters=119;max_err=7.222e-07 torch_same_dtype_err=6.507e-07 tol=2.301e-06 cap=1e-04
3add37c,Tesla T4,580.82.07,12.8.93,2.11.0+cu128,2025.1.1.0,,sdpa_flash,0,fp32,1,8,256,128,0,,,,,,run=2026-09-03T06:54:17Z;backend_refused:Memory efficient kernel not used because: (Triggered internally at /pytorch/aten/src/ATen/native/transformers/cuda/sdp_utils.cpp:986.) | Memory Efficient attention has been runtime disabled. (Triggere
3add37c,Tesla T4,580.82.07,12.8.93,2.11.0+cu128,2025.1.1.0,,sdpa_cudnn,0,fp32,1,8,256,128,0,,,,,,run=2026-09-03T06:54:17Z;backend_refused:Memory efficient kernel not used because: (Triggered internally at /pytorch/aten/src/ATen/native/transformers/cuda/sdp_utils.cpp:986.) | Memory Efficient attention has been runtime disabled. (Triggere
3add37c,Tesla T4,580.82.07,12.8.93,2.11.0+cu128,2025.1.1.0,,flash_attn,0,fp32,1,8,256,128,0,,,,,,run=2026-09-03T06:54:17Z;backend_refused:not importable: No module named 'flash_attn'
3add37c,Tesla T4,580.82.07,12.8.93,2.11.0+cu128,2025.1.1.0,585,tiled,2,fp32,1,8,256,128,0,1.0755,1.0740,1.0773,0.250,11.7,run=2026-09-03T06:54:17Z;clock_lock=585;iters=458;max_err=7.035e-07 torch_same_dtype_err=2.799e-07 tol=1.560e-06 cap=1e-04
3add37c,Tesla T4,580.82.07,12.8.93,2.11.0+cu128,2025.1.1.0,585,sdpa_efficient,0,fp32,1,8,256,128,0,0.2166,0.2156,0.2171,1.239,19.4,run=2026-09-03T06:54:17Z;clock_lock=585;iters=1000;max_err=8.227e-07 torch_same_dtype_err=2.799e-07 tol=1.560e-06 cap=1e-04
3add37c,Tesla T4,580.82.07,12.8.93,2.11.0+cu128,2025.1.1.0,585,sdpa_math_fp32,0,fp32,1,8,256,128,0,0.3092,0.3081,0.3105,0.868,40.7,oracle_not_speed_baseline;run=2026-09-03T06:54:17Z;clock_lock=585;iters=1000;max_err=4.783e-07 torch_same_dtype_err=2.799e-07 tol=1.560e-06 cap=1e-04
3add37c,Tesla T4,580.82.07,12.8.93,2.11.0+cu128,2025.1.1.0,585,torch_unfused,0,fp32,1,8,256,128,0,0.2420,0.2414,0.2435,1.109,52.0,run=2026-09-03T06:54:17Z;clock_lock=585;iters=1000;max_err=7.035e-07 torch_same_dtype_err=2.799e-07 tol=1.560e-06 cap=1e-04
3add37c,Tesla T4,580.82.07,12.8.93,2.11.0+cu128,2025.1.1.0,,sdpa_flash,0,fp32,1,8,256,128,1,,,,,,flops=full;run=2026-09-03T06:54:17Z;backend_refused:Memory efficient kernel not used because: (Triggered internally at /pytorch/aten/src/ATen/native/transformers/cuda/sdp_utils.cpp:986.) | Memory Efficient attention has been runtime disabled. (Triggere
3add37c,Tesla T4,580.82.07,12.8.93,2.11.0+cu128,2025.1.1.0,,sdpa_cudnn,0,fp32,1,8,256,128,1,,,,,,flops=full;run=2026-09-03T06:54:17Z;backend_refused:Memory efficient kernel not used because: (Triggered internally at /pytorch/aten/src/ATen/native/transformers/cuda/sdp_utils.cpp:986.) | Memory Efficient attention has been runtime disabled. (Triggere
3add37c,Tesla T4,580.82.07,12.8.93,2.11.0+cu128,2025.1.1.0,,flash_attn,0,fp32,1,8,256,128,1,,,,,,flops=full;run=2026-09-03T06:54:17Z;backend_refused:not importable: No module named 'flash_attn'
3add37c,Tesla T4,580.82.07,12.8.93,2.11.0+cu128,2025.1.1.0,585,tiled,2,fp32,1,8,256,128,1,0.9551,0.9533,0.9569,0.281,13.2,flops=full;run=2026-09-03T06:54:17Z;clock_lock=585;iters=521;max_err=6.223e-07 torch_same_dtype_err=3.291e-07 tol=1.658e-06 cap=1e-04
3add37c,Tesla T4,580.82.07,12.8.93,2.11.0+cu128,2025.1.1.0,585,sdpa_efficient,0,fp32,1,8,256,128,1,0.1901,0.1889,0.1905,1.412,22.1,flops=full;run=2026-09-03T06:54:17Z;clock_lock=585;iters=1000;max_err=6.163e-07 torch_same_dtype_err=3.291e-07 tol=1.658e-06 cap=1e-04
3add37c,Tesla T4,580.82.07,12.8.93,2.11.0+cu128,2025.1.1.0,585,sdpa_math_fp32,0,fp32,1,8,256,128,1,0.3548,0.3542,0.3564,0.756,35.5,oracle_not_speed_baseline;flops=full;run=2026-09-03T06:54:17Z;clock_lock=585;iters=1000;max_err=8.663e-07 torch_same_dtype_err=3.291e-07 tol=1.658e-06 cap=1e-04
3add37c,Tesla T4,580.82.07,12.8.93,2.11.0+cu128,2025.1.1.0,585,torch_unfused,0,fp32,1,8,256,128,1,0.2767,0.2758,0.2784,0.970,45.5,flops=full;run=2026-09-03T06:54:17Z;clock_lock=585;iters=1000;max_err=6.223e-07 torch_same_dtype_err=3.291e-07 tol=1.658e-06 cap=1e-04
3add37c,Tesla T4,580.82.07,12.8.93,2.11.0+cu128,2025.1.1.0,,sdpa_flash,0,fp32,8,32,256,128,0,,,,,,run=2026-09-03T06:54:17Z;backend_refused:Memory efficient kernel not used because: (Triggered internally at /pytorch/aten/src/ATen/native/transformers/cuda/sdp_utils.cpp:986.) | Memory Efficient attention has been runtime disabled. (Triggere
3add37c,Tesla T4,580.82.07,12.8.93,2.11.0+cu128,2025.1.1.0,,sdpa_cudnn,0,fp32,8,32,256,128,0,,,,,,run=2026-09-03T06:54:17Z;backend_refused:Memory efficient kernel not used because: (Triggered internally at /pytorch/aten/src/ATen/native/transformers/cuda/sdp_utils.cpp:986.) | Memory Efficient attention has been runtime disabled. (Triggere
3add37c,Tesla T4,580.82.07,12.8.93,2.11.0+cu128,2025.1.1.0,,flash_attn,0,fp32,8,32,256,128,0,,,,,,run=2026-09-03T06:54:17Z;backend_refused:not importable: No module named 'flash_attn'
3add37c,Tesla T4,580.82.07,12.8.93,2.11.0+cu128,2025.1.1.0,585,tiled,2,fp32,8,32,256,128,0,30.1434,30.1411,30.2574,0.285,13.4,run=2026-09-03T06:54:17Z;clock_lock=585;iters=100;max_err=5.838e-07 torch_same_dtype_err=2.236e-07 tol=1.447e-06 cap=1e-04
3add37c,Tesla T4,580.82.07,12.8.93,2.11.0+cu128,2025.1.1.0,585,sdpa_efficient,0,fp32,8,32,256,128,0,5.3272,5.3209,5.3334,1.612,25.2,run=2026-09-03T06:54:17Z;clock_lock=585;iters=100;max_err=6.681e-07 torch_same_dtype_err=2.236e-07 tol=1.447e-06 cap=1e-04
3add37c,Tesla T4,580.82.07,12.8.93,2.11.0+cu128,2025.1.1.0,585,sdpa_math_fp32,0,fp32,8,32,256,128,0,5.7306,5.7248,5.7357,1.499,70.3,oracle_not_speed_baseline;run=2026-09-03T06:54:17Z;clock_lock=585;clock=570-585;iters=100;max_err=5.001e-07 torch_same_dtype_err=2.236e-07 tol=1.447e-06 cap=1e-04
3add37c,Tesla T4,580.82.07,12.8.93,2.11.0+cu128,2025.1.1.0,585,torch_unfused,0,fp32,8,32,256,128,0,4.5508,4.5443,4.6292,1.888,88.5,run=2026-09-03T06:54:17Z;clock=unlocked;clock_lock_failed=585;clock=525-585;noisy_clock;iters=102;max_err=5.859e-07 torch_same_dtype_err=2.236e-07 tol=1.447e-06 cap=1e-04
3add37c,Tesla T4,580.82.07,12.8.93,2.11.0+cu128,2025.1.1.0,,sdpa_flash,0,fp32,8,32,256,128,1,,,,,,flops=full;run=2026-09-03T06:54:17Z;backend_refused:Memory efficient kernel not used because: (Triggered internally at /pytorch/aten/src/ATen/native/transformers/cuda/sdp_utils.cpp:986.) | Memory Efficient attention has been runtime disabled. (Triggere
3add37c,Tesla T4,580.82.07,12.8.93,2.11.0+cu128,2025.1.1.0,,sdpa_cudnn,0,fp32,8,32,256,128,1,,,,,,flops=full;run=2026-09-03T06:54:17Z;backend_refused:Memory efficient kernel not used because: (Triggered internally at /pytorch/aten/src/ATen/native/transformers/cuda/sdp_utils.cpp:986.) | Memory Efficient attention has been runtime disabled. (Triggere
3add37c,Tesla T4,580.82.07,12.8.93,2.11.0+cu128,2025.1.1.0,,flash_attn,0,fp32,8,32,256,128,1,,,,,,flops=full;run=2026-09-03T06:54:17Z;backend_refused:not importable: No module named 'flash_attn'
3add37c,Tesla T4,580.82.07,12.8.93,2.11.0+cu128,2025.1.1.0,585,tiled,2,fp32,8,32,256,128,1,20.8970,20.8937,21.0081,0.411,19.3,flops=full;run=2026-09-03T06:54:17Z;clock_lock=585;iters=100;max_err=1.110e-06 torch_same_dtype_err=3.302e-07 tol=1.660e-06 cap=1e-04
3add37c,Tesla T4,580.82.07,12.8.93,2.11.0+cu128,2025.1.1.0,585,sdpa_efficient,0,fp32,8,32,256,128,1,3.5904,3.5754,3.6060,2.392,37.5,flops=full;run=2026-09-03T06:54:17Z;clock_lock=585;iters=139;max_err=1.078e-06 torch_same_dtype_err=3.302e-07 tol=1.660e-06 cap=1e-04
3add37c,Tesla T4,580.82.07,12.8.93,2.11.0+cu128,2025.1.1.0,585,sdpa_math_fp32,0,fp32,8,32,256,128,1,6.3324,6.3263,6.3372,1.357,63.6,oracle_not_speed_baseline;flops=full;run=2026-09-03T06:54:17Z;clock_lock=585;iters=100;max_err=7.463e-07 torch_same_dtype_err=3.302e-07 tol=1.660e-06 cap=1e-04
3add37c,Tesla T4,580.82.07,12.8.93,2.11.0+cu128,2025.1.1.0,585,torch_unfused,0,fp32,8,32,256,128,1,5.6833,5.6784,5.6899,1.511,70.8,flops=full;run=2026-09-03T06:54:17Z;clock_lock=585;clock=540-585;iters=100;max_err=1.110e-06 torch_same_dtype_err=3.302e-07 tol=1.660e-06 cap=1e-04
3add37c,Tesla T4,580.82.07,12.8.93,2.11.0+cu128,2025.1.1.0,,sdpa_flash,0,fp32,1,8,512,64,0,,,,,,run=2026-09-03T06:54:17Z;backend_refused:Memory efficient kernel not used because: (Triggered internally at /pytorch/aten/src/ATen/native/transformers/cuda/sdp_utils.cpp:986.) | Memory Efficient attention has been runtime disabled. (Triggere
3add37c,Tesla T4,580.82.07,12.8.93,2.11.0+cu128,2025.1.1.0,,sdpa_cudnn,0,fp32,1,8,512,64,0,,,,,,run=2026-09-03T06:54:17Z;backend_refused:Memory efficient kernel not used because: (Triggered internally at /pytorch/aten/src/ATen/native/transformers/cuda/sdp_utils.cpp:986.) | Memory Efficient attention has been runtime disabled. (Triggere
3add37c,Tesla T4,580.82.07,12.8.93,2.11.0+cu128,2025.1.1.0,,flash_attn,0,fp32,1,8,512,64,0,,,,,,run=2026-09-03T06:54:17Z;backend_refused:not importable: No module named 'flash_attn'
3add37c,Tesla T4,580.82.07,12.8.93,2.11.0+cu128,2025.1.1.0,585,tiled,2,fp32,1,8,512,64,0,2.0425,2.0381,2.0466,0.263,18.5,run=2026-09-03T06:54:17Z;clock_lock=585;iters=244;max_err=4.399e-07 torch_same_dtype_err=3.838e-07 tol=1.768e-06 cap=1e-04
3add37c,Tesla T4,580.82.07,12.8.93,2.11.0+cu128,2025.1.1.0,585,sdpa_efficient,0,fp32,1,8,512,64,0,0.4608,0.4590,0.4628,1.165,9.1,run=2026-09-03T06:54:17Z;clock_lock=585;iters=1000;max_err=4.364e-07 torch_same_dtype_err=3.838e-07 tol=1.768e-06 cap=1e-04
3add37c,Tesla T4,580.82.07,12.8.93,2.11.0+cu128,2025.1.1.0,585,sdpa_math_fp32,0,fp32,1,8,512,64,0,0.6531,0.6513,0.6547,0.822,57.8,oracle_not_speed_baseline;run=2026-09-03T06:54:17Z;clock_lock=585;iters=719;max_err=4.101e-07 torch_same_dtype_err=3.838e-07 tol=1.768e-06 cap=1e-04
3add37c,Tesla T4,580.82.07,12.8.93,2.11.0+cu128,2025.1.1.0,585,torch_unfused,0,fp32,1,8,512,64,0,0.5482,0.5468,0.5495,0.979,68.9,run=2026-09-03T06:54:17Z;clock_lock=585;iters=869;max_err=4.697e-07 torch_same_dtype_err=3.838e-07 tol=1.768e-06 cap=1e-04
3add37c,Tesla T4,580.82.07,12.8.93,2.11.0+cu128,2025.1.1.0,,sdpa_flash,0,fp32,1,8,512,64,1,,,,,,flops=full;run=2026-09-03T06:54:17Z;backend_refused:Memory efficient kernel not used because: (Triggered internally at /pytorch/aten/src/ATen/native/transformers/cuda/sdp_utils.cpp:986.) | Memory Efficient attention has been runtime disabled. (Triggere
3add37c,Tesla T4,580.82.07,12.8.93,2.11.0+cu128,2025.1.1.0,,sdpa_cudnn,0,fp32,1,8,512,64,1,,,,,,flops=full;run=2026-09-03T06:54:17Z;backend_refused:Memory efficient kernel not used because: (Triggered internally at /pytorch/aten/src/ATen/native/transformers/cuda/sdp_utils.cpp:986.) | Memory Efficient attention has been runtime disabled. (Triggere
3add37c,Tesla T4,580.82.07,12.8.93,2.11.0+cu128,2025.1.1.0,,flash_attn,0,fp32,1,8,512,64,1,,,,,,flops=full;run=2026-09-03T06:54:17Z;backend_refused:not importable: No module named 'flash_attn'
3add37c,Tesla T4,580.82.07,12.8.93,2.11.0+cu128,2025.1.1.0,585,tiled,2,fp32,1,8,512,64,1,1.4358,1.4315,1.4398,0.374,26.3,flops=full;run=2026-09-03T06:54:17Z;clock_lock=585;iters=346;max_err=7.023e-07 torch_same_dtype_err=6.427e-07 tol=2.285e-06 cap=1e-04
3add37c,Tesla T4,580.82.07,12.8.93,2.11.0+cu128,2025.1.1.0,585,sdpa_efficient,0,fp32,1,8,512,64,1,0.4138,0.4105,0.4160,1.297,10.2,flops=full;run=2026-09-03T06:54:17Z;clock_lock=585;iters=1000;max_err=7.023e-07 torch_same_dtype_err=6.427e-07 tol=2.285e-06 cap=1e-04
3add37c,Tesla T4,580.82.07,12.8.93,2.11.0+cu128,2025.1.1.0,585,sdpa_math_fp32,0,fp32,1,8,512,64,1,0.7703,0.7689,0.7721,0.697,49.0,oracle_not_speed_baseline;flops=full;run=2026-09-03T06:54:17Z;clock_lock=585;iters=620;max_err=5.831e-07 torch_same_dtype_err=6.427e-07 tol=2.285e-06 cap=1e-04
3add37c,Tesla T4,580.82.07,12.8.93,2.11.0+cu128,2025.1.1.0,585,torch_unfused,0,fp32,1,8,512,64,1,0.7025,0.7004,0.7042,0.764,53.7,flops=full;run=2026-09-03T06:54:17Z;clock_lock=585;iters=697;max_err=6.427e-07 torch_same_dtype_err=6.427e-07 tol=2.285e-06 cap=1e-04
3add37c,Tesla T4,580.82.07,12.8.93,2.11.0+cu128,2025.1.1.0,,sdpa_flash,0,fp32,8,32,512,64,0,,,,,,run=2026-09-03T06:54:17Z;backend_refused:Memory efficient kernel not used because: (Triggered internally at /pytorch/aten/src/ATen/native/transformers/cuda/sdp_utils.cpp:986.) | Memory Efficient attention has been runtime disabled. (Triggere
3add37c,Tesla T4,580.82.07,12.8.93,2.11.0+cu128,2025.1.1.0,,sdpa_cudnn,0,fp32,8,32,512,64,0,,,,,,run=2026-09-03T06:54:17Z;backend_refused:Memory efficient kernel not used because: (Triggered internally at /pytorch/aten/src/ATen/native/transformers/cuda/sdp_utils.cpp:986.) | Memory Efficient attention has been runtime disabled. (Triggere
3add37c,Tesla T4,580.82.07,12.8.93,2.11.0+cu128,2025.1.1.0,,flash_attn,0,fp32,8,32,512,64,0,,,,,,run=2026-09-03T06:54:17Z;backend_refused:not importable: No module named 'flash_attn'
3add37c,Tesla T4,580.82.07,12.8.93,2.11.0+cu128,2025.1.1.0,585,tiled,2,fp32,8,32,512,64,0,61.3802,61.3780,61.3827,0.280,19.7,run=2026-09-03T06:54:17Z;clock_lock=585;iters=100;max_err=3.772e-07 torch_same_dtype_err=2.911e-07 tol=1.582e-06 cap=1e-04
3add37c,Tesla T4,580.82.07,12.8.93,2.11.0+cu128,2025.1.1.0,585,sdpa_efficient,0,fp32,8,32,512,64,0,11.5798,11.5675,11.5933,1.484,11.6,run=2026-09-03T06:54:17Z;clock_lock=585;iters=100;max_err=4.111e-07 torch_same_dtype_err=2.911e-07 tol=1.582e-06 cap=1e-04
3add37c,Tesla T4,580.82.07,12.8.93,2.11.0+cu128,2025.1.1.0,570,sdpa_math_fp32,0,fp32,8,32,512,64,0,14.7119,14.5513,15.0303,1.168,82.1,oracle_not_speed_baseline;run=2026-09-03T06:54:17Z;clock=unlocked;clock_lock_failed=585;clock=525-585;noisy_clock;iters=100;max_err=3.765e-07 torch_same_dtype_err=2.911e-07 tol=1.582e-06 cap=1e-04
3add37c,Tesla T4,580.82.07,12.8.93,2.11.0+cu128,2025.1.1.0,555,torch_unfused,0,fp32,8,32,512,64,0,12.2834,12.1168,12.3874,1.399,98.3,run=2026-09-03T06:54:17Z;clock=unlocked;clock_lock_failed=585;clock=480-570;noisy_clock;iters=100;max_err=3.772e-07 torch_same_dtype_err=2.911e-07 tol=1.582e-06 cap=1e-04
3add37c,Tesla T4,580.82.07,12.8.93,2.11.0+cu128,2025.1.1.0,,sdpa_flash,0,fp32,8,32,512,64,1,,,,,,flops=full;run=2026-09-03T06:54:17Z;backend_refused:Memory efficient kernel not used because: (Triggered internally at /pytorch/aten/src/ATen/native/transformers/cuda/sdp_utils.cpp:986.) | Memory Efficient attention has been runtime disabled. (Triggere
3add37c,Tesla T4,580.82.07,12.8.93,2.11.0+cu128,2025.1.1.0,,sdpa_cudnn,0,fp32,8,32,512,64,1,,,,,,flops=full;run=2026-09-03T06:54:17Z;backend_refused:Memory efficient kernel not used because: (Triggered internally at /pytorch/aten/src/ATen/native/transformers/cuda/sdp_utils.cpp:986.) | Memory Efficient attention has been runtime disabled. (Triggere
3add37c,Tesla T4,580.82.07,12.8.93,2.11.0+cu128,2025.1.1.0,,flash_attn,0,fp32,8,32,512,64,1,,,,,,flops=full;run=2026-09-03T06:54:17Z;backend_refused:not importable: No module named 'flash_attn'
3add37c,Tesla T4,580.82.07,12.8.93,2.11.0+cu128,2025.1.1.0,585,tiled,2,fp32,8,32,512,64,1,39.6473,39.5994,39.6596,0.433,30.5,flops=full;run=2026-09-03T06:54:17Z;clock_lock=585;iters=100;max_err=8.007e-07 torch_same_dtype_err=5.938e-07 tol=2.188e-06 cap=1e-04
3add37c,Tesla T4,580.82.07,12.8.93,2.11.0+cu128,2025.1.1.0,585,sdpa_efficient,0,fp32,8,32,512,64,1,6.6495,6.6210,6.6784,2.584,20.3,flops=full;run=2026-09-03T06:54:17Z;clock_lock=585;iters=100;max_err=7.395e-07 torch_same_dtype_err=5.938e-07 tol=2.188e-06 cap=1e-04
3add37c,Tesla T4,580.82.07,12.8.93,2.11.0+cu128,2025.1.1.0,585,sdpa_math_fp32,0,fp32,8,32,512,64,1,16.8869,16.8100,16.8989,1.017,71.5,oracle_not_speed_baseline;flops=full;run=2026-09-03T06:54:17Z;clock_lock=585;iters=100;max_err=8.603e-07 torch_same_dtype_err=5.938e-07 tol=2.188e-06 cap=1e-04
3add37c,Tesla T4,580.82.07,12.8.93,2.11.0+cu128,2025.1.1.0,585,torch_unfused,0,fp32,8,32,512,64,1,16.4903,16.4162,16.5051,1.042,73.3,flops=full;run=2026-09-03T06:54:17Z;clock_lock=585;clock=570-585;iters=100;max_err=8.603e-07 torch_same_dtype_err=5.938e-07 tol=2.188e-06 cap=1e-04
3add37c,Tesla T4,580.82.07,12.8.93,2.11.0+cu128,2025.1.1.0,,sdpa_flash,0,fp32,1,8,512,128,0,,,,,,run=2026-09-03T06:54:17Z;backend_refused:Memory efficient kernel not used because: (Triggered internally at /pytorch/aten/src/ATen/native/transformers/cuda/sdp_utils.cpp:986.) | Memory Efficient attention has been runtime disabled. (Triggere
3add37c,Tesla T4,580.82.07,12.8.93,2.11.0+cu128,2025.1.1.0,,sdpa_cudnn,0,fp32,1,8,512,128,0,,,,,,run=2026-09-03T06:54:17Z;backend_refused:Memory efficient kernel not used because: (Triggered internally at /pytorch/aten/src/ATen/native/transformers/cuda/sdp_utils.cpp:986.) | Memory Efficient attention has been runtime disabled. (Triggere
3add37c,Tesla T4,580.82.07,12.8.93,2.11.0+cu128,2025.1.1.0,,flash_attn,0,fp32,1,8,512,128,0,,,,,,run=2026-09-03T06:54:17Z;backend_refused:not importable: No module named 'flash_attn'
3add37c,Tesla T4,580.82.07,12.8.93,2.11.0+cu128,2025.1.1.0,585,tiled,2,fp32,1,8,512,128,0,3.8359,3.8340,3.8380,0.280,10.9,run=2026-09-03T06:54:17Z;clock_lock=585;iters=130;max_err=5.169e-07 torch_same_dtype_err=4.722e-07 tol=1.944e-06 cap=1e-04
3add37c,Tesla T4,580.82.07,12.8.93,2.11.0+cu128,2025.1.1.0,585,sdpa_efficient,0,fp32,1,8,512,128,0,0.8253,0.7701,0.8272,1.301,10.2,run=2026-09-03T06:54:17Z;clock_lock=585;iters=590;max_err=6.886e-07 torch_same_dtype_err=4.722e-07 tol=1.944e-06 cap=1e-04
3add37c,Tesla T4,580.82.07,12.8.93,2.11.0+cu128,2025.1.1.0,585,sdpa_math_fp32,0,fp32,1,8,512,128,0,0.7925,0.7905,0.7946,1.355,52.9,oracle_not_speed_baseline;run=2026-09-03T06:54:17Z;clock_lock=585;iters=612;max_err=5.577e-07 torch_same_dtype_err=4.722e-07 tol=1.944e-06 cap=1e-04
3add37c,Tesla T4,580.82.07,12.8.93,2.11.0+cu128,2025.1.1.0,585,torch_unfused,0,fp32,1,8,512,128,0,0.6691,0.6672,0.6711,1.605,62.7,run=2026-09-03T06:54:17Z;clock_lock=585;iters=729;max_err=5.016e-07 torch_same_dtype_err=4.722e-07 tol=1.944e-06 cap=1e-04
3add37c,Tesla T4,580.82.07,12.8.93,2.11.0+cu128,2025.1.1.0,,sdpa_flash,0,fp32,1,8,512,128,1,,,,,,flops=full;run=2026-09-03T06:54:17Z;backend_refused:Memory efficient kernel not used because: (Triggered internally at /pytorch/aten/src/ATen/native/transformers/cuda/sdp_utils.cpp:986.) | Memory Efficient attention has been runtime disabled. (Triggere
3add37c,Tesla T4,580.82.07,12.8.93,2.11.0+cu128,2025.1.1.0,,sdpa_cudnn,0,fp32,1,8,512,128,1,,,,,,flops=full;run=2026-09-03T06:54:17Z;backend_refused:Memory efficient kernel not used because: (Triggered internally at /pytorch/aten/src/ATen/native/transformers/cuda/sdp_utils.cpp:986.) | Memory Efficient attention has been runtime disabled. (Triggere
3add37c,Tesla T4,580.82.07,12.8.93,2.11.0+cu128,2025.1.1.0,,flash_attn,0,fp32,1,8,512,128,1,,,,,,flops=full;run=2026-09-03T06:54:17Z;backend_refused:not importable: No module named 'flash_attn'
3add37c,Tesla T4,580.82.07,12.8.93,2.11.0+cu128,2025.1.1.0,585,tiled,2,fp32,1,8,512,128,1,2.6194,2.6171,2.6230,0.410,16.0,flops=full;run=2026-09-03T06:54:17Z;clock_lock=585;iters=193;max_err=8.029e-07 torch_same_dtype_err=7.806e-07 tol=2.561e-06 cap=1e-04
3add37c,Tesla T4,580.82.07,12.8.93,2.11.0+cu128,2025.1.1.0,585,sdpa_efficient,0,fp32,1,8,512,128,1,0.5530,0.5120,0.5622,1.942,15.2,flops=full;run=2026-09-03T06:54:17Z;clock_lock=585;iters=879;max_err=8.837e-07 torch_same_dtype_err=7.806e-07 tol=2.561e-06 cap=1e-04
3add37c,Tesla T4,580.82.07,12.8.93,2.11.0+cu128,2025.1.1.0,585,sdpa_math_fp32,0,fp32,1,8,512,128,1,0.9086,0.9065,0.9108,1.182,46.2,oracle_not_speed_baseline;flops=full;run=2026-09-03T06:54:17Z;clock_lock=585;iters=532;max_err=6.932e-07 torch_same_dtype_err=7.806e-07 tol=2.561e-06 cap=1e-04
3add37c,Tesla T4,580.82.07,12.8.93,2.11.0+cu128,2025.1.1.0,585,torch_unfused,0,fp32,1,8,512,128,1,0.8233,0.8213,0.8254,1.304,50.9,flops=full;run=2026-09-03T06:54:17Z;clock_lock=585;iters=591;max_err=7.508e-07 torch_same_dtype_err=7.806e-07 tol=2.561e-06 cap=1e-04
3add37c,Tesla T4,580.82.07,12.8.93,2.11.0+cu128,2025.1.1.0,,sdpa_flash,0,fp32,8,32,512,128,0,,,,,,run=2026-09-03T06:54:17Z;backend_refused:Memory efficient kernel not used because: (Triggered internally at /pytorch/aten/src/ATen/native/transformers/cuda/sdp_utils.cpp:986.) | Memory Efficient attention has been runtime disabled. (Triggere
3add37c,Tesla T4,580.82.07,12.8.93,2.11.0+cu128,2025.1.1.0,,sdpa_cudnn,0,fp32,8,32,512,128,0,,,,,,run=2026-09-03T06:54:17Z;backend_refused:Memory efficient kernel not used because: (Triggered internally at /pytorch/aten/src/ATen/native/transformers/cuda/sdp_utils.cpp:986.) | Memory Efficient attention has been runtime disabled. (Triggere
3add37c,Tesla T4,580.82.07,12.8.93,2.11.0+cu128,2025.1.1.0,,flash_attn,0,fp32,8,32,512,128,0,,,,,,run=2026-09-03T06:54:17Z;backend_refused:not importable: No module named 'flash_attn'
3add37c,Tesla T4,580.82.07,12.8.93,2.11.0+cu128,2025.1.1.0,585,tiled,2,fp32,8,32,512,128,0,117.9953,117.9896,117.9996,0.291,11.4,run=2026-09-03T06:54:17Z;clock_lock=585;iters=100;max_err=6.067e-07 torch_same_dtype_err=5.552e-07 tol=2.110e-06 cap=1e-04
3add37c,Tesla T4,580.82.07,12.8.93,2.11.0+cu128,2025.1.1.0,585,sdpa_efficient,0,fp32,8,32,512,128,0,20.8481,20.8445,20.8512,1.648,12.9,run=2026-09-03T06:54:17Z;clock_lock=585;iters=100;max_err=6.227e-07 torch_same_dtype_err=5.552e-07 tol=2.110e-06 cap=1e-04
3add37c,Tesla T4,580.82.07,12.8.93,2.11.0+cu128,2025.1.1.0,585,sdpa_math_fp32,0,fp32,8,32,512,128,0,20.9813,20.9696,20.9998,1.638,64.0,oracle_not_speed_baseline;run=2026-09-03T06:54:17Z;clock_lock=585;clock=570-585;iters=100;max_err=5.330e-07 torch_same_dtype_err=5.552e-07 tol=2.110e-06 cap=1e-04
3add37c,Tesla T4,580.82.07,12.8.93,2.11.0+cu128,2025.1.1.0,540,torch_unfused,0,fp32,8,32,512,128,0,18.9291,17.8442,18.9406,1.815,70.9,run=2026-09-03T06:54:17Z;clock=unlocked;clock_lock_failed=585;clock=540-585;iters=100;max_err=5.769e-07 torch_same_dtype_err=5.552e-07 tol=2.110e-06 cap=1e-04
3add37c,Tesla T4,580.82.07,12.8.93,2.11.0+cu128,2025.1.1.0,,sdpa_flash,0,fp32,8,32,512,128,1,,,,,,flops=full;run=2026-09-03T06:54:17Z;backend_refused:Memory efficient kernel not used because: (Triggered internally at /pytorch/aten/src/ATen/native/transformers/cuda/sdp_utils.cpp:986.) | Memory Efficient attention has been runtime disabled. (Triggere
3add37c,Tesla T4,580.82.07,12.8.93,2.11.0+cu128,2025.1.1.0,,sdpa_cudnn,0,fp32,8,32,512,128,1,,,,,,flops=full;run=2026-09-03T06:54:17Z;backend_refused:Memory efficient kernel not used because: (Triggered internally at /pytorch/aten/src/ATen/native/transformers/cuda/sdp_utils.cpp:986.) | Memory Efficient attention has been runtime disabled. (Triggere
3add37c,Tesla T4,580.82.07,12.8.93,2.11.0+cu128,2025.1.1.0,,flash_attn,0,fp32,8,32,512,128,1,,,,,,flops=full;run=2026-09-03T06:54:17Z;backend_refused:not importable: No module named 'flash_attn'
3add37c,Tesla T4,580.82.07,12.8.93,2.11.0+cu128,2025.1.1.0,585,tiled,2,fp32,8,32,512,128,1,74.4289,74.4198,74.4346,0.462,18.0,flops=full;run=2026-09-03T06:54:17Z;clock_lock=585;iters=100;max_err=7.087e-07 torch_same_dtype_err=6.972e-07 tol=2.394e-06 cap=1e-04
3add37c,Tesla T4,580.82.07,12.8.93,2.11.0+cu128,2025.1.1.0,585,sdpa_efficient,0,fp32,8,32,512,128,1,12.2588,12.2351,12.2858,2.803,21.9,flops=full;run=2026-09-03T06:54:17Z;clock_lock=585;iters=100;max_err=7.087e-07 torch_same_dtype_err=6.972e-07 tol=2.394e-06 cap=1e-04
3add37c,Tesla T4,580.82.07,12.8.93,2.11.0+cu128,2025.1.1.0,585,sdpa_math_fp32,0,fp32,8,32,512,128,1,23.3129,23.3026,23.3227,1.474,57.6,oracle_not_speed_baseline;flops=full;run=2026-09-03T06:54:17Z;clock_lock=585;iters=100;max_err=9.829e-07 torch_same_dtype_err=6.972e-07 tol=2.394e-06 cap=1e-04
3add37c,Tesla T4,580.82.07,12.8.93,2.11.0+cu128,2025.1.1.0,585,torch_unfused,0,fp32,8,32,512,128,1,22.3646,22.3513,22.7153,1.536,60.0,flops=full;run=2026-09-03T06:54:17Z;clock_lock=585;clock=555-585;iters=100;max_err=7.446e-07 torch_same_dtype_err=6.972e-07 tol=2.394e-06 cap=1e-04
3add37c,Tesla T4,580.82.07,12.8.93,2.11.0+cu128,2025.1.1.0,,sdpa_flash,0,fp32,1,8,1024,64,0,,,,,,run=2026-09-03T06:54:17Z;backend_refused:Memory efficient kernel not used because: (Triggered internally at /pytorch/aten/src/ATen/native/transformers/cuda/sdp_utils.cpp:986.) | Memory Efficient attention has been runtime disabled. (Triggere
3add37c,Tesla T4,580.82.07,12.8.93,2.11.0+cu128,2025.1.1.0,,sdpa_cudnn,0,fp32,1,8,1024,64,0,,,,,,run=2026-09-03T06:54:17Z;backend_refused:Memory efficient kernel not used because: (Triggered internally at /pytorch/aten/src/ATen/native/transformers/cuda/sdp_utils.cpp:986.) | Memory Efficient attention has been runtime disabled. (Triggere
3add37c,Tesla T4,580.82.07,12.8.93,2.11.0+cu128,2025.1.1.0,,flash_attn,0,fp32,1,8,1024,64,0,,,,,,run=2026-09-03T06:54:17Z;backend_refused:not importable: No module named 'flash_attn'
3add37c,Tesla T4,580.82.07,12.8.93,2.11.0+cu128,2025.1.1.0,585,tiled,2,fp32,1,8,1024,64,0,7.6208,7.6189,7.6239,0.282,18.7,run=2026-09-03T06:54:17Z;clock_lock=585;iters=100;max_err=7.922e-07 torch_same_dtype_err=6.730e-07 tol=2.346e-06 cap=1e-04
3add37c,Tesla T4,580.82.07,12.8.93,2.11.0+cu128,2025.1.1.0,585,sdpa_efficient,0,fp32,1,8,1024,64,0,1.7798,1.7756,1.7833,1.207,4.7,run=2026-09-03T06:54:17Z;clock_lock=585;iters=277;max_err=5.538e-07 torch_same_dtype_err=6.730e-07 tol=2.346e-06 cap=1e-04
3add37c,Tesla T4,580.82.07,12.8.93,2.11.0+cu128,2025.1.1.0,585,sdpa_math_fp32,0,fp32,1,8,1024,64,0,1.9218,1.9189,1.9251,1.117,74.2,oracle_not_speed_baseline;run=2026-09-03T06:54:17Z;clock_lock=585;iters=255;max_err=4.267e-07 torch_same_dtype_err=6.730e-07 tol=2.346e-06 cap=1e-04
3add37c,Tesla T4,580.82.07,12.8.93,2.11.0+cu128,2025.1.1.0,585,torch_unfused,0,fp32,1,8,1024,64,0,1.6282,1.6247,1.6322,1.319,87.6,run=2026-09-03T06:54:17Z;clock_lock=585;iters=304;max_err=7.922e-07 torch_same_dtype_err=6.730e-07 tol=2.346e-06 cap=1e-04
3add37c,Tesla T4,580.82.07,12.8.93,2.11.0+cu128,2025.1.1.0,,sdpa_flash,0,fp32,1,8,1024,64,1,,,,,,flops=full;run=2026-09-03T06:54:17Z;backend_refused:Memory efficient kernel not used because: (Triggered internally at /pytorch/aten/src/ATen/native/transformers/cuda/sdp_utils.cpp:986.) | Memory Efficient attention has been runtime disabled. (Triggere
3add37c,Tesla T4,580.82.07,12.8.93,2.11.0+cu128,2025.1.1.0,,sdpa_cudnn,0,fp32,1,8,1024,64,1,,,,,,flops=full;run=2026-09-03T06:54:17Z;backend_refused:Memory efficient kernel not used because: (Triggered internally at /pytorch/aten/src/ATen/native/transformers/cuda/sdp_utils.cpp:986.) | Memory Efficient attention has been runtime disabled. (Triggere
3add37c,Tesla T4,580.82.07,12.8.93,2.11.0+cu128,2025.1.1.0,,flash_attn,0,fp32,1,8,1024,64,1,,,,,,flops=full;run=2026-09-03T06:54:17Z;backend_refused:not importable: No module named 'flash_attn'
3add37c,Tesla T4,580.82.07,12.8.93,2.11.0+cu128,2025.1.1.0,585,tiled,2,fp32,1,8,1024,64,1,4.7575,4.7067,4.7612,0.451,30.0,flops=full;run=2026-09-03T06:54:17Z;clock_lock=585;iters=105;max_err=8.115e-07 torch_same_dtype_err=9.307e-07 tol=2.861e-06 cap=1e-04
3add37c,Tesla T4,580.82.07,12.8.93,2.11.0+cu128,2025.1.1.0,585,sdpa_efficient,0,fp32,1,8,1024,64,1,1.0568,1.0220,1.1079,2.032,8.0,flops=full;run=2026-09-03T06:54:17Z;clock_lock=585;iters=468;max_err=7.509e-07 torch_same_dtype_err=9.307e-07 tol=2.861e-06 cap=1e-04
3add37c,Tesla T4,580.82.07,12.8.93,2.11.0+cu128,2025.1.1.0,585,sdpa_math_fp32,0,fp32,1,8,1024,64,1,2.4005,2.3978,2.4041,0.895,59.4,oracle_not_speed_baseline;flops=full;run=2026-09-03T06:54:17Z;clock_lock=585;iters=205;max_err=8.115e-07 torch_same_dtype_err=9.307e-07 tol=2.861e-06 cap=1e-04
3add37c,Tesla T4,580.82.07,12.8.93,2.11.0+cu128,2025.1.1.0,585,torch_unfused,0,fp32,1,8,1024,64,1,2.2333,2.2298,2.2365,0.962,63.9,flops=full;run=2026-09-03T06:54:17Z;clock_lock=585;iters=222;max_err=8.115e-07 torch_same_dtype_err=9.307e-07 tol=2.861e-06 cap=1e-04
3add37c,Tesla T4,580.82.07,12.8.93,2.11.0+cu128,2025.1.1.0,,sdpa_flash,0,fp32,8,32,1024,64,0,,,,,,run=2026-09-03T06:54:17Z;backend_refused:Memory efficient kernel not used because: (Triggered internally at /pytorch/aten/src/ATen/native/transformers/cuda/sdp_utils.cpp:986.) | Memory Efficient attention has been runtime disabled. (Triggere
3add37c,Tesla T4,580.82.07,12.8.93,2.11.0+cu128,2025.1.1.0,,sdpa_cudnn,0,fp32,8,32,1024,64,0,,,,,,run=2026-09-03T06:54:17Z;backend_refused:Memory efficient kernel not used because: (Triggered internally at /pytorch/aten/src/ATen/native/transformers/cuda/sdp_utils.cpp:986.) | Memory Efficient attention has been runtime disabled. (Triggere
3add37c,Tesla T4,580.82.07,12.8.93,2.11.0+cu128,2025.1.1.0,,flash_attn,0,fp32,8,32,1024,64,0,,,,,,run=2026-09-03T06:54:17Z;backend_refused:not importable: No module named 'flash_attn'
3add37c,Tesla T4,580.82.07,12.8.93,2.11.0+cu128,2025.1.1.0,585,tiled,2,fp32,8,32,1024,64,0,236.8747,236.8000,236.8859,0.290,19.3,run=2026-09-03T06:54:17Z;clock_lock=585;iters=100;max_err=3.953e-07 torch_same_dtype_err=2.674e-07 tol=1.535e-06 cap=1e-04
3add37c,Tesla T4,580.82.07,12.8.93,2.11.0+cu128,2025.1.1.0,585,sdpa_efficient,0,fp32,8,32,1024,64,0,45.4235,45.4041,45.4433,1.513,5.9,run=2026-09-03T06:54:17Z;clock_lock=585;iters=100;max_err=5.689e-07 torch_same_dtype_err=2.674e-07 tol=1.535e-06 cap=1e-04
3add37c,Tesla T4,580.82.07,12.8.93,2.11.0+cu128,2025.1.1.0,525,sdpa_math_fp32,0,fp32,8,32,1024,64,0,60.0364,59.3170,62.3001,1.145,76.0,oracle_not_speed_baseline;run=2026-09-03T06:54:17Z;clock=unlocked;clock_lock_failed=585;clock=375-540;noisy_clock;iters=100;max_err=3.956e-07 torch_same_dtype_err=2.674e-07 tol=1.535e-06 cap=1e-04
3add37c,Tesla T4,580.82.07,12.8.93,2.11.0+cu128,2025.1.1.0,450,torch_unfused,0,fp32,8,32,1024,64,0,57.2679,55.0207,59.4941,1.200,79.7,run=2026-09-03T06:54:17Z;clock=unlocked;clock_lock_failed=585;clock=345-525;noisy_clock;iters=100;max_err=3.956e-07 torch_same_dtype_err=2.674e-07 tol=1.535e-06 cap=1e-04
3add37c,Tesla T4,580.82.07,12.8.93,2.11.0+cu128,2025.1.1.0,,sdpa_flash,0,fp32,8,32,1024,64,1,,,,,,flops=full;run=2026-09-03T06:54:17Z;backend_refused:Memory efficient kernel not used because: (Triggered internally at /pytorch/aten/src/ATen/native/transformers/cuda/sdp_utils.cpp:986.) | Memory Efficient attention has been runtime disabled. (Triggere
3add37c,Tesla T4,580.82.07,12.8.93,2.11.0+cu128,2025.1.1.0,,sdpa_cudnn,0,fp32,8,32,1024,64,1,,,,,,flops=full;run=2026-09-03T06:54:17Z;backend_refused:Memory efficient kernel not used because: (Triggered internally at /pytorch/aten/src/ATen/native/transformers/cuda/sdp_utils.cpp:986.) | Memory Efficient attention has been runtime disabled. (Triggere
3add37c,Tesla T4,580.82.07,12.8.93,2.11.0+cu128,2025.1.1.0,,flash_attn,0,fp32,8,32,1024,64,1,,,,,,flops=full;run=2026-09-03T06:54:17Z;backend_refused:not importable: No module named 'flash_attn'
3add37c,Tesla T4,580.82.07,12.8.93,2.11.0+cu128,2025.1.1.0,585,tiled,2,fp32,8,32,1024,64,1,143.4839,143.4128,143.5008,0.479,31.8,flops=full;run=2026-09-03T06:54:17Z;clock_lock=585;iters=100;max_err=7.139e-07 torch_same_dtype_err=6.325e-07 tol=2.265e-06 cap=1e-04
3add37c,Tesla T4,580.82.07,12.8.93,2.11.0+cu128,2025.1.1.0,585,sdpa_efficient,0,fp32,8,32,1024,64,1,24.4543,24.3999,24.5334,2.810,11.0,flops=full;run=2026-09-03T06:54:17Z;clock_lock=585;iters=100;max_err=6.652e-07 torch_same_dtype_err=6.325e-07 tol=2.265e-06 cap=1e-04
3add37c,Tesla T4,580.82.07,12.8.93,2.11.0+cu128,2025.1.1.0,585,sdpa_math_fp32,0,fp32,8,32,1024,64,1,68.8531,68.6808,70.8360,0.998,66.3,oracle_not_speed_baseline;flops=full;run=2026-09-03T06:54:17Z;clock=unlocked;clock_lock_failed=585;clock=480-585;noisy_clock;iters=100;max_err=7.234e-07 torch_same_dtype_err=6.325e-07 tol=2.265e-06 cap=1e-04
3add37c,Tesla T4,580.82.07,12.8.93,2.11.0+cu128,2025.1.1.0,555,torch_unfused,0,fp32,8,32,1024,64,1,68.1675,66.8019,70.1870,1.008,66.9,flops=full;run=2026-09-03T06:54:17Z;clock=unlocked;clock_lock_failed=585;clock=435-585;noisy_clock;iters=100;max_err=7.234e-07 torch_same_dtype_err=6.325e-07 tol=2.265e-06 cap=1e-04
3add37c,Tesla T4,580.82.07,12.8.93,2.11.0+cu128,2025.1.1.0,,sdpa_flash,0,fp32,1,8,1024,128,0,,,,,,run=2026-09-03T06:54:17Z;backend_refused:Memory efficient kernel not used because: (Triggered internally at /pytorch/aten/src/ATen/native/transformers/cuda/sdp_utils.cpp:986.) | Memory Efficient attention has been runtime disabled. (Triggere
3add37c,Tesla T4,580.82.07,12.8.93,2.11.0+cu128,2025.1.1.0,,sdpa_cudnn,0,fp32,1,8,1024,128,0,,,,,,run=2026-09-03T06:54:17Z;backend_refused:Memory efficient kernel not used because: (Triggered internally at /pytorch/aten/src/ATen/native/transformers/cuda/sdp_utils.cpp:986.) | Memory Efficient attention has been runtime disabled. (Triggere
3add37c,Tesla T4,580.82.07,12.8.93,2.11.0+cu128,2025.1.1.0,,flash_attn,0,fp32,1,8,1024,128,0,,,,,,run=2026-09-03T06:54:17Z;backend_refused:not importable: No module named 'flash_attn'
3add37c,Tesla T4,580.82.07,12.8.93,2.11.0+cu128,2025.1.1.0,585,tiled,2,fp32,1,8,1024,128,0,14.7519,14.7435,14.7638,0.291,10.2,run=2026-09-03T06:54:17Z;clock_lock=585;iters=100;max_err=6.132e-07 torch_same_dtype_err=4.887e-07 tol=1.977e-06 cap=1e-04
3add37c,Tesla T4,580.82.07,12.8.93,2.11.0+cu128,2025.1.1.0,585,sdpa_efficient,0,fp32,1,8,1024,128,0,2.8564,2.8534,2.8586,1.504,5.9,run=2026-09-03T06:54:17Z;clock_lock=585;iters=172;max_err=6.449e-07 torch_same_dtype_err=4.887e-07 tol=1.977e-06 cap=1e-04
3add37c,Tesla T4,580.82.07,12.8.93,2.11.0+cu128,2025.1.1.0,585,sdpa_math_fp32,0,fp32,1,8,1024,128,0,2.7875,2.7842,2.7910,1.541,54.2,oracle_not_speed_baseline;run=2026-09-03T06:54:17Z;clock_lock=585;iters=179;max_err=6.617e-07 torch_same_dtype_err=4.887e-07 tol=1.977e-06 cap=1e-04
3add37c,Tesla T4,580.82.07,12.8.93,2.11.0+cu128,2025.1.1.0,585,torch_unfused,0,fp32,1,8,1024,128,0,2.4568,2.4536,2.4601,1.748,61.5,run=2026-09-03T06:54:17Z;clock_lock=585;iters=202;max_err=6.132e-07 torch_same_dtype_err=4.887e-07 tol=1.977e-06 cap=1e-04
3add37c,Tesla T4,580.82.07,12.8.93,2.11.0+cu128,2025.1.1.0,,sdpa_flash,0,fp32,1,8,1024,128,1,,,,,,flops=full;run=2026-09-03T06:54:17Z;backend_refused:Memory efficient kernel not used because: (Triggered internally at /pytorch/aten/src/ATen/native/transformers/cuda/sdp_utils.cpp:986.) | Memory Efficient attention has been runtime disabled. (Triggere
3add37c,Tesla T4,580.82.07,12.8.93,2.11.0+cu128,2025.1.1.0,,sdpa_cudnn,0,fp32,1,8,1024,128,1,,,,,,flops=full;run=2026-09-03T06:54:17Z;backend_refused:Memory efficient kernel not used because: (Triggered internally at /pytorch/aten/src/ATen/native/transformers/cuda/sdp_utils.cpp:986.) | Memory Efficient attention has been runtime disabled. (Triggere
3add37c,Tesla T4,580.82.07,12.8.93,2.11.0+cu128,2025.1.1.0,,flash_attn,0,fp32,1,8,1024,128,1,,,,,,flops=full;run=2026-09-03T06:54:17Z;backend_refused:not importable: No module named 'flash_attn'
3add37c,Tesla T4,580.82.07,12.8.93,2.11.0+cu128,2025.1.1.0,585,tiled,2,fp32,1,8,1024,128,1,8.9151,8.9033,9.0210,0.482,16.9,flops=full;run=2026-09-03T06:54:17Z;clock_lock=585;iters=100;max_err=7.907e-07 torch_same_dtype_err=7.609e-07 tol=2.522e-06 cap=1e-04
3add37c,Tesla T4,580.82.07,12.8.93,2.11.0+cu128,2025.1.1.0,585,sdpa_efficient,0,fp32,1,8,1024,128,1,1.6800,1.6253,1.7628,2.556,10.0,flops=full;run=2026-09-03T06:54:17Z;clock_lock=585;iters=301;max_err=9.296e-07 torch_same_dtype_err=7.609e-07 tol=2.522e-06 cap=1e-04
3add37c,Tesla T4,580.82.07,12.8.93,2.11.0+cu128,2025.1.1.0,585,sdpa_math_fp32,0,fp32,1,8,1024,128,1,3.2678,3.2652,3.2707,1.314,46.2,oracle_not_speed_baseline;flops=full;run=2026-09-03T06:54:17Z;clock_lock=585;iters=152;max_err=8.805e-07 torch_same_dtype_err=7.609e-07 tol=2.522e-06 cap=1e-04
3add37c,Tesla T4,580.82.07,12.8.93,2.11.0+cu128,2025.1.1.0,585,torch_unfused,0,fp32,1,8,1024,128,1,3.0634,3.0598,3.0675,1.402,49.3,flops=full;run=2026-09-03T06:54:17Z;clock_lock=585;iters=163;max_err=7.885e-07 torch_same_dtype_err=7.609e-07 tol=2.522e-06 cap=1e-04
3add37c,Tesla T4,580.82.07,12.8.93,2.11.0+cu128,2025.1.1.0,,sdpa_flash,0,fp32,8,32,1024,128,0,,,,,,run=2026-09-03T06:54:17Z;backend_refused:Memory efficient kernel not used because: (Triggered internally at /pytorch/aten/src/ATen/native/transformers/cuda/sdp_utils.cpp:986.) | Memory Efficient attention has been runtime disabled. (Triggere
3add37c,Tesla T4,580.82.07,12.8.93,2.11.0+cu128,2025.1.1.0,,sdpa_cudnn,0,fp32,8,32,1024,128,0,,,,,,run=2026-09-03T06:54:17Z;backend_refused:Memory efficient kernel not used because: (Triggered internally at /pytorch/aten/src/ATen/native/transformers/cuda/sdp_utils.cpp:986.) | Memory Efficient attention has been runtime disabled. (Triggere
3add37c,Tesla T4,580.82.07,12.8.93,2.11.0+cu128,2025.1.1.0,,flash_attn,0,fp32,8,32,1024,128,0,,,,,,run=2026-09-03T06:54:17Z;backend_refused:not importable: No module named 'flash_attn'
3add37c,Tesla T4,580.82.07,12.8.93,2.11.0+cu128,2025.1.1.0,585,tiled,2,fp32,8,32,1024,128,0,462.9641,462.9579,462.9704,0.297,10.4,run=2026-09-03T06:54:17Z;clock_lock=585;iters=100;max_err=7.235e-07 torch_same_dtype_err=6.639e-07 tol=2.328e-06 cap=1e-04
3add37c,Tesla T4,580.82.07,12.8.93,2.11.0+cu128,2025.1.1.0,585,sdpa_efficient,0,fp32,8,32,1024,128,0,82.2621,82.2513,82.2746,1.671,6.5,run=2026-09-03T06:54:17Z;clock_lock=585;iters=100;max_err=1.007e-06 torch_same_dtype_err=6.639e-07 tol=2.328e-06 cap=1e-04
3add37c,Tesla T4,580.82.07,12.8.93,2.11.0+cu128,2025.1.1.0,525,sdpa_math_fp32,0,fp32,8,32,1024,128,0,87.2433,84.9733,89.2173,1.575,55.4,oracle_not_speed_baseline;run=2026-09-03T06:54:17Z;clock=unlocked;clock_lock_failed=585;clock=435-585;noisy_clock;iters=100;max_err=7.521e-07 torch_same_dtype_err=6.639e-07 tol=2.328e-06 cap=1e-04
3add37c,Tesla T4,580.82.07,12.8.93,2.11.0+cu128,2025.1.1.0,487,torch_unfused,0,fp32,8,32,1024,128,0,79.9637,79.6806,81.1176,1.719,60.4,run=2026-09-03T06:54:17Z;clock=unlocked;clock_lock_failed=585;clock=435-555;noisy_clock;iters=100;max_err=6.639e-07 torch_same_dtype_err=6.639e-07 tol=2.328e-06 cap=1e-04
3add37c,Tesla T4,580.82.07,12.8.93,2.11.0+cu128,2025.1.1.0,,sdpa_flash,0,fp32,8,32,1024,128,1,,,,,,flops=full;run=2026-09-03T06:54:17Z;backend_refused:Memory efficient kernel not used because: (Triggered internally at /pytorch/aten/src/ATen/native/transformers/cuda/sdp_utils.cpp:986.) | Memory Efficient attention has been runtime disabled. (Triggere
3add37c,Tesla T4,580.82.07,12.8.93,2.11.0+cu128,2025.1.1.0,,sdpa_cudnn,0,fp32,8,32,1024,128,1,,,,,,flops=full;run=2026-09-03T06:54:17Z;backend_refused:Memory efficient kernel not used because: (Triggered internally at /pytorch/aten/src/ATen/native/transformers/cuda/sdp_utils.cpp:986.) | Memory Efficient attention has been runtime disabled. (Triggere
3add37c,Tesla T4,580.82.07,12.8.93,2.11.0+cu128,2025.1.1.0,,flash_attn,0,fp32,8,32,1024,128,1,,,,,,flops=full;run=2026-09-03T06:54:17Z;backend_refused:not importable: No module named 'flash_attn'
3add37c,Tesla T4,580.82.07,12.8.93,2.11.0+cu128,2025.1.1.0,585,tiled,2,fp32,8,32,1024,128,1,276.1195,276.0423,276.1395,0.498,17.5,flops=full;run=2026-09-03T06:54:17Z;clock_lock=585;iters=100;max_err=1.098e-06 torch_same_dtype_err=1.337e-06 tol=3.674e-06 cap=1e-04
3add37c,Tesla T4,580.82.07,12.8.93,2.11.0+cu128,2025.1.1.0,585,sdpa_efficient,0,fp32,8,32,1024,128,1,44.9023,44.8456,44.9612,3.061,12.0,flops=full;run=2026-09-03T06:54:17Z;clock_lock=585;iters=100;max_err=1.011e-06 torch_same_dtype_err=1.337e-06 tol=3.674e-06 cap=1e-04
3add37c,Tesla T4,580.82.07,12.8.93,2.11.0+cu128,2025.1.1.0,585,sdpa_math_fp32,0,fp32,8,32,1024,128,1,93.4704,93.2032,94.5962,1.470,51.7,oracle_not_speed_baseline;flops=full;run=2026-09-03T06:54:17Z;clock=unlocked;clock_lock_failed=585;clock=525-585;noisy_clock;iters=100;max_err=8.089e-07 torch_same_dtype_err=1.337e-06 tol=3.674e-06 cap=1e-04
3add37c,Tesla T4,580.82.07,12.8.93,2.11.0+cu128,2025.1.1.0,570,torch_unfused,0,fp32,8,32,1024,128,1,93.0184,91.5528,94.4454,1.478,51.9,flops=full;run=2026-09-03T06:54:17Z;clock=unlocked;clock_lock_failed=585;clock=480-585;noisy_clock;iters=100;max_err=1.098e-06 torch_same_dtype_err=1.337e-06 tol=3.674e-06 cap=1e-04
3add37c,Tesla T4,580.82.07,12.8.93,2.11.0+cu128,2025.1.1.0,,sdpa_flash,0,fp32,1,8,2048,64,0,,,,,,run=2026-09-03T06:54:17Z;backend_refused:Memory efficient kernel not used because: (Triggered internally at /pytorch/aten/src/ATen/native/transformers/cuda/sdp_utils.cpp:986.) | Memory Efficient attention has been runtime disabled. (Triggere
3add37c,Tesla T4,580.82.07,12.8.93,2.11.0+cu128,2025.1.1.0,,sdpa_cudnn,0,fp32,1,8,2048,64,0,,,,,,run=2026-09-03T06:54:17Z;backend_refused:Memory efficient kernel not used because: (Triggered internally at /pytorch/aten/src/ATen/native/transformers/cuda/sdp_utils.cpp:986.) | Memory Efficient attention has been runtime disabled. (Triggere
3add37c,Tesla T4,580.82.07,12.8.93,2.11.0+cu128,2025.1.1.0,,flash_attn,0,fp32,1,8,2048,64,0,,,,,,run=2026-09-03T06:54:17Z;backend_refused:not importable: No module named 'flash_attn'
3add37c,Tesla T4,580.82.07,12.8.93,2.11.0+cu128,2025.1.1.0,585,tiled,2,fp32,1,8,2048,64,0,29.8966,29.8865,29.9067,0.287,18.5,run=2026-09-03T06:54:17Z;clock_lock=585;iters=100;max_err=3.693e-07 torch_same_dtype_err=2.396e-07 tol=1.479e-06 cap=1e-04
3add37c,Tesla T4,580.82.07,12.8.93,2.11.0+cu128,2025.1.1.0,585,sdpa_efficient,0,fp32,1,8,2048,64,0,6.3365,6.3285,6.3466,1.356,2.7,run=2026-09-03T06:54:17Z;clock_lock=585;iters=100;max_err=3.810e-07 torch_same_dtype_err=2.396e-07 tol=1.479e-06 cap=1e-04
3add37c,Tesla T4,580.82.07,12.8.93,2.11.0+cu128,2025.1.1.0,585,sdpa_math_fp32,0,fp32,1,8,2048,64,0,7.2982,7.2884,7.3056,1.177,75.9,oracle_not_speed_baseline;run=2026-09-03T06:54:17Z;clock_lock=585;iters=100;max_err=3.772e-07 torch_same_dtype_err=2.396e-07 tol=1.479e-06 cap=1e-04
3add37c,Tesla T4,580.82.07,12.8.93,2.11.0+cu128,2025.1.1.0,585,torch_unfused,0,fp32,1,8,2048,64,0,6.3355,6.3243,6.3447,1.356,87.4,run=2026-09-03T06:54:17Z;clock_lock=585;iters=100;max_err=3.693e-07 torch_same_dtype_err=2.396e-07 tol=1.479e-06 cap=1e-04
3add37c,Tesla T4,580.82.07,12.8.93,2.11.0+cu128,2025.1.1.0,,sdpa_flash,0,fp32,1,8,2048,64,1,,,,,,flops=full;run=2026-09-03T06:54:17Z;backend_refused:Memory efficient kernel not used because: (Triggered internally at /pytorch/aten/src/ATen/native/transformers/cuda/sdp_utils.cpp:986.) | Memory Efficient attention has been runtime disabled. (Triggere
3add37c,Tesla T4,580.82.07,12.8.93,2.11.0+cu128,2025.1.1.0,,sdpa_cudnn,0,fp32,1,8,2048,64,1,,,,,,flops=full;run=2026-09-03T06:54:17Z;backend_refused:Memory efficient kernel not used because: (Triggered internally at /pytorch/aten/src/ATen/native/transformers/cuda/sdp_utils.cpp:986.) | Memory Efficient attention has been runtime disabled. (Triggere
3add37c,Tesla T4,580.82.07,12.8.93,2.11.0+cu128,2025.1.1.0,,flash_attn,0,fp32,1,8,2048,64,1,,,,,,flops=full;run=2026-09-03T06:54:17Z;backend_refused:not importable: No module named 'flash_attn'
3add37c,Tesla T4,580.82.07,12.8.93,2.11.0+cu128,2025.1.1.0,585,tiled,2,fp32,1,8,2048,64,1,17.8617,17.8523,17.8729,0.481,31.0,flops=full;run=2026-09-03T06:54:17Z;clock_lock=585;iters=100;max_err=6.272e-07 torch_same_dtype_err=6.037e-07 tol=2.207e-06 cap=1e-04
3add37c,Tesla T4,580.82.07,12.8.93,2.11.0+cu128,2025.1.1.0,585,sdpa_efficient,0,fp32,1,8,2048,64,1,3.5557,3.4349,3.6749,2.416,4.7,flops=full;run=2026-09-03T06:54:17Z;clock_lock=585;iters=142;max_err=7.196e-07 torch_same_dtype_err=6.037e-07 tol=2.207e-06 cap=1e-04
3add37c,Tesla T4,580.82.07,12.8.93,2.11.0+cu128,2025.1.1.0,585,sdpa_math_fp32,0,fp32,1,8,2048,64,1,9.1829,9.1770,9.1874,0.935,60.3,oracle_not_speed_baseline;flops=full;run=2026-09-03T06:54:17Z;clock_lock=585;iters=100;max_err=5.985e-07 torch_same_dtype_err=6.037e-07 tol=2.207e-06 cap=1e-04
3add37c,Tesla T4,580.82.07,12.8.93,2.11.0+cu128,2025.1.1.0,585,torch_unfused,0,fp32,1,8,2048,64,1,8.7306,8.7239,8.7360,0.984,63.4,flops=full;run=2026-09-03T06:54:17Z;clock_lock=585;iters=100;max_err=6.037e-07 torch_same_dtype_err=6.037e-07 tol=2.207e-06 cap=1e-04
3add37c,Tesla T4,580.82.07,12.8.93,2.11.0+cu128,2025.1.1.0,,sdpa_flash,0,fp32,8,32,2048,64,0,,,,,,run=2026-09-03T06:54:17Z;backend_refused:Memory efficient kernel not used because: (Triggered internally at /pytorch/aten/src/ATen/native/transformers/cuda/sdp_utils.cpp:986.) | Memory Efficient attention has been runtime disabled. (Triggere
3add37c,Tesla T4,580.82.07,12.8.93,2.11.0+cu128,2025.1.1.0,,sdpa_cudnn,0,fp32,8,32,2048,64,0,,,,,,run=2026-09-03T06:54:17Z;backend_refused:Memory efficient kernel not used because: (Triggered internally at /pytorch/aten/src/ATen/native/transformers/cuda/sdp_utils.cpp:986.) | Memory Efficient attention has been runtime disabled. (Triggere
3add37c,Tesla T4,580.82.07,12.8.93,2.11.0+cu128,2025.1.1.0,,flash_attn,0,fp32,8,32,2048,64,0,,,,,,run=2026-09-03T06:54:17Z;backend_refused:not importable: No module named 'flash_attn'
3add37c,Tesla T4,580.82.07,12.8.93,2.11.0+cu128,2025.1.1.0,,tiled,2,fp32,8,32,2048,64,0,,,,,,run=2026-09-03T06:54:17Z;oom_by_design
3add37c,Tesla T4,580.82.07,12.8.93,2.11.0+cu128,2025.1.1.0,585,sdpa_efficient,0,fp32,8,32,2048,64,0,179.9892,179.9556,180.0319,1.527,3.0,run=2026-09-03T06:54:17Z;clock_lock=585;iters=100;max_err=4.612e-07 torch_same_dtype_err=3.786e-07 tol=1.757e-06 cap=1e-04
3add37c,Tesla T4,580.82.07,12.8.93,2.11.0+cu128,2025.1.1.0,,sdpa_math_fp32,0,fp32,8,32,2048,64,0,,,,,,oracle_not_speed_baseline;run=2026-09-03T06:54:17Z;oom_by_design
3add37c,Tesla T4,580.82.07,12.8.93,2.11.0+cu128,2025.1.1.0,,torch_unfused,0,fp32,8,32,2048,64,0,,,,,,run=2026-09-03T06:54:17Z;oom_by_design
3add37c,Tesla T4,580.82.07,12.8.93,2.11.0+cu128,2025.1.1.0,,sdpa_flash,0,fp32,8,32,2048,64,1,,,,,,flops=full;run=2026-09-03T06:54:17Z;backend_refused:Memory efficient kernel not used because: (Triggered internally at /pytorch/aten/src/ATen/native/transformers/cuda/sdp_utils.cpp:986.) | Memory Efficient attention has been runtime disabled. (Triggere
3add37c,Tesla T4,580.82.07,12.8.93,2.11.0+cu128,2025.1.1.0,,sdpa_cudnn,0,fp32,8,32,2048,64,1,,,,,,flops=full;run=2026-09-03T06:54:17Z;backend_refused:Memory efficient kernel not used because: (Triggered internally at /pytorch/aten/src/ATen/native/transformers/cuda/sdp_utils.cpp:986.) | Memory Efficient attention has been runtime disabled. (Triggere
3add37c,Tesla T4,580.82.07,12.8.93,2.11.0+cu128,2025.1.1.0,,flash_attn,0,fp32,8,32,2048,64,1,,,,,,flops=full;run=2026-09-03T06:54:17Z;backend_refused:not importable: No module named 'flash_attn'
3add37c,Tesla T4,580.82.07,12.8.93,2.11.0+cu128,2025.1.1.0,,tiled,2,fp32,8,32,2048,64,1,,,,,,flops=full;run=2026-09-03T06:54:17Z;oom_by_design
3add37c,Tesla T4,580.82.07,12.8.93,2.11.0+cu128,2025.1.1.0,585,sdpa_efficient,0,fp32,8,32,2048,64,1,93.5695,93.4434,93.6811,2.938,5.8,flops=full;run=2026-09-03T06:54:17Z;clock_lock=585;iters=100;max_err=7.792e-07 torch_same_dtype_err=6.481e-07 tol=2.296e-06 cap=1e-04
3add37c,Tesla T4,580.82.07,12.8.93,2.11.0+cu128,2025.1.1.0,,sdpa_math_fp32,0,fp32,8,32,2048,64,1,,,,,,oracle_not_speed_baseline;flops=full;run=2026-09-03T06:54:17Z;oom_by_design
3add37c,Tesla T4,580.82.07,12.8.93,2.11.0+cu128,2025.1.1.0,,torch_unfused,0,fp32,8,32,2048,64,1,,,,,,flops=full;run=2026-09-03T06:54:17Z;oom_by_design
3add37c,Tesla T4,580.82.07,12.8.93,2.11.0+cu128,2025.1.1.0,,sdpa_flash,0,fp32,1,8,2048,128,0,,,,,,run=2026-09-03T06:54:17Z;backend_refused:Memory efficient kernel not used because: (Triggered internally at /pytorch/aten/src/ATen/native/transformers/cuda/sdp_utils.cpp:986.) | Memory Efficient attention has been runtime disabled. (Triggere
3add37c,Tesla T4,580.82.07,12.8.93,2.11.0+cu128,2025.1.1.0,,sdpa_cudnn,0,fp32,1,8,2048,128,0,,,,,,run=2026-09-03T06:54:17Z;backend_refused:Memory efficient kernel not used because: (Triggered internally at /pytorch/aten/src/ATen/native/transformers/cuda/sdp_utils.cpp:986.) | Memory Efficient attention has been runtime disabled. (Triggere
3add37c,Tesla T4,580.82.07,12.8.93,2.11.0+cu128,2025.1.1.0,,flash_attn,0,fp32,1,8,2048,128,0,,,,,,run=2026-09-03T06:54:17Z;backend_refused:not importable: No module named 'flash_attn'
3add37c,Tesla T4,580.82.07,12.8.93,2.11.0+cu128,2025.1.1.0,585,tiled,2,fp32,1,8,2048,128,0,57.9627,57.9580,57.9751,0.296,9.8,run=2026-09-03T06:54:17Z;clock_lock=585;iters=100;max_err=4.863e-07 torch_same_dtype_err=3.546e-07 tol=1.709e-06 cap=1e-04
3add37c,Tesla T4,580.82.07,12.8.93,2.11.0+cu128,2025.1.1.0,585,sdpa_efficient,0,fp32,1,8,2048,128,0,10.4747,10.4704,10.4781,1.640,3.2,run=2026-09-03T06:54:17Z;clock_lock=585;iters=100;max_err=4.668e-07 torch_same_dtype_err=3.546e-07 tol=1.709e-06 cap=1e-04
3add37c,Tesla T4,580.82.07,12.8.93,2.11.0+cu128,2025.1.1.0,585,sdpa_math_fp32,0,fp32,1,8,2048,128,0,10.2299,10.2220,10.2401,1.679,55.8,oracle_not_speed_baseline;run=2026-09-03T06:54:17Z;clock_lock=585;iters=100;max_err=4.913e-07 torch_same_dtype_err=3.546e-07 tol=1.709e-06 cap=1e-04
3add37c,Tesla T4,580.82.07,12.8.93,2.11.0+cu128,2025.1.1.0,585,torch_unfused,0,fp32,1,8,2048,128,0,9.1931,9.1844,9.2036,1.869,62.0,run=2026-09-03T06:54:17Z;clock_lock=585;iters=100;max_err=4.789e-07 torch_same_dtype_err=3.546e-07 tol=1.709e-06 cap=1e-04
3add37c,Tesla T4,580.82.07,12.8.93,2.11.0+cu128,2025.1.1.0,,sdpa_flash,0,fp32,1,8,2048,128,1,,,,,,flops=full;run=2026-09-03T06:54:17Z;backend_refused:Memory efficient kernel not used because: (Triggered internally at /pytorch/aten/src/ATen/native/transformers/cuda/sdp_utils.cpp:986.) | Memory Efficient attention has been runtime disabled. (Triggere
3add37c,Tesla T4,580.82.07,12.8.93,2.11.0+cu128,2025.1.1.0,,sdpa_cudnn,0,fp32,1,8,2048,128,1,,,,,,flops=full;run=2026-09-03T06:54:17Z;backend_refused:Memory efficient kernel not used because: (Triggered internally at /pytorch/aten/src/ATen/native/transformers/cuda/sdp_utils.cpp:986.) | Memory Efficient attention has been runtime disabled. (Triggere
3add37c,Tesla T4,580.82.07,12.8.93,2.11.0+cu128,2025.1.1.0,,flash_attn,0,fp32,1,8,2048,128,1,,,,,,flops=full;run=2026-09-03T06:54:17Z;backend_refused:not importable: No module named 'flash_attn'
3add37c,Tesla T4,580.82.07,12.8.93,2.11.0+cu128,2025.1.1.0,585,tiled,2,fp32,1,8,2048,128,1,33.8754,33.8678,33.8879,0.507,16.8,flops=full;run=2026-09-03T06:54:17Z;clock_lock=585;iters=100;max_err=1.086e-06 torch_same_dtype_err=1.146e-06 tol=3.291e-06 cap=1e-04
3add37c,Tesla T4,580.82.07,12.8.93,2.11.0+cu128,2025.1.1.0,585,sdpa_efficient,0,fp32,1,8,2048,128,1,5.9326,5.8036,6.0337,2.896,5.7,flops=full;run=2026-09-03T06:54:17Z;clock_lock=585;iters=100;max_err=1.286e-06 torch_same_dtype_err=1.146e-06 tol=3.291e-06 cap=1e-04
3add37c,Tesla T4,580.82.07,12.8.93,2.11.0+cu128,2025.1.1.0,585,sdpa_math_fp32,0,fp32,1,8,2048,128,1,12.1162,12.1098,12.1214,1.418,47.1,oracle_not_speed_baseline;flops=full;run=2026-09-03T06:54:17Z;clock_lock=585;iters=100;max_err=1.028e-06 torch_same_dtype_err=1.146e-06 tol=3.291e-06 cap=1e-04
3add37c,Tesla T4,580.82.07,12.8.93,2.11.0+cu128,2025.1.1.0,585,torch_unfused,0,fp32,1,8,2048,128,1,11.5917,11.5851,11.5996,1.482,49.2,flops=full;run=2026-09-03T06:54:17Z;clock_lock=585;iters=100;max_err=1.146e-06 torch_same_dtype_err=1.146e-06 tol=3.291e-06 cap=1e-04
3add37c,Tesla T4,580.82.07,12.8.93,2.11.0+cu128,2025.1.1.0,,sdpa_flash,0,fp32,8,32,2048,128,0,,,,,,run=2026-09-03T06:54:17Z;backend_refused:Memory efficient kernel not used because: (Triggered internally at /pytorch/aten/src/ATen/native/transformers/cuda/sdp_utils.cpp:986.) | Memory Efficient attention has been runtime disabled. (Triggere
3add37c,Tesla T4,580.82.07,12.8.93,2.11.0+cu128,2025.1.1.0,,sdpa_cudnn,0,fp32,8,32,2048,128,0,,,,,,run=2026-09-03T06:54:17Z;backend_refused:Memory efficient kernel not used because: (Triggered internally at /pytorch/aten/src/ATen/native/transformers/cuda/sdp_utils.cpp:986.) | Memory Efficient attention has been runtime disabled. (Triggere
3add37c,Tesla T4,580.82.07,12.8.93,2.11.0+cu128,2025.1.1.0,,flash_attn,0,fp32,8,32,2048,128,0,,,,,,run=2026-09-03T06:54:17Z;backend_refused:not importable: No module named 'flash_attn'
3add37c,Tesla T4,580.82.07,12.8.93,2.11.0+cu128,2025.1.1.0,,tiled,2,fp32,8,32,2048,128,0,,,,,,run=2026-09-03T06:54:17Z;oom_by_design
3add37c,Tesla T4,580.82.07,12.8.93,2.11.0+cu128,2025.1.1.0,585,sdpa_efficient,0,fp32,8,32,2048,128,0,327.9533,327.9222,327.9759,1.676,3.3,run=2026-09-03T06:54:17Z;clock_lock=585;iters=100;max_err=4.841e-07 torch_same_dtype_err=2.917e-07 tol=1.583e-06 cap=1e-04
3add37c,Tesla T4,580.82.07,12.8.93,2.11.0+cu128,2025.1.1.0,,sdpa_math_fp32,0,fp32,8,32,2048,128,0,,,,,,oracle_not_speed_baseline;run=2026-09-03T06:54:17Z;oom_by_design
3add37c,Tesla T4,580.82.07,12.8.93,2.11.0+cu128,2025.1.1.0,,torch_unfused,0,fp32,8,32,2048,128,0,,,,,,run=2026-09-03T06:54:17Z;oom_by_design
3add37c,Tesla T4,580.82.07,12.8.93,2.11.0+cu128,2025.1.1.0,,sdpa_flash,0,fp32,8,32,2048,128,1,,,,,,flops=full;run=2026-09-03T06:54:17Z;backend_refused:Memory efficient kernel not used because: (Triggered internally at /pytorch/aten/src/ATen/native/transformers/cuda/sdp_utils.cpp:986.) | Memory Efficient attention has been runtime disabled. (Triggere
3add37c,Tesla T4,580.82.07,12.8.93,2.11.0+cu128,2025.1.1.0,,sdpa_cudnn,0,fp32,8,32,2048,128,1,,,,,,flops=full;run=2026-09-03T06:54:17Z;backend_refused:Memory efficient kernel not used because: (Triggered internally at /pytorch/aten/src/ATen/native/transformers/cuda/sdp_utils.cpp:986.) | Memory Efficient attention has been runtime disabled. (Triggere
3add37c,Tesla T4,580.82.07,12.8.93,2.11.0+cu128,2025.1.1.0,,flash_attn,0,fp32,8,32,2048,128,1,,,,,,flops=full;run=2026-09-03T06:54:17Z;backend_refused:not importable: No module named 'flash_attn'
3add37c,Tesla T4,580.82.07,12.8.93,2.11.0+cu128,2025.1.1.0,585,sdpa_efficient,0,fp32,8,32,2048,128,1,171.4404,171.3558,171.5648,3.207,6.3,flops=full;run=2026-09-03T06:54:17Z;clock_lock=585;iters=100;max_err=9.068e-07 torch_same_dtype_err=7.332e-07 tol=2.466e-06 cap=1e-04
3add37c,Tesla T4,580.82.07,12.8.93,2.11.0+cu128,2025.1.1.0,,sdpa_math_fp32,0,fp32,8,32,2048,128,1,,,,,,oracle_not_speed_baseline;flops=full;run=2026-09-03T06:54:17Z;oom_by_design
3add37c,Tesla T4,580.82.07,12.8.93,2.11.0+cu128,2025.1.1.0,,torch_unfused,0,fp32,8,32,2048,128,1,,,,,,flops=full;run=2026-09-03T06:54:17Z;oom_by_design
3add37c,Tesla T4,580.82.07,12.8.93,2.11.0+cu128,2025.1.1.0,,sdpa_flash,0,fp32,1,8,4096,64,0,,,,,,run=2026-09-03T06:54:17Z;backend_refused:Memory efficient kernel not used because: (Triggered internally at /pytorch/aten/src/ATen/native/transformers/cuda/sdp_utils.cpp:986.) | Memory Efficient attention has been runtime disabled. (Triggere
3add37c,Tesla T4,580.82.07,12.8.93,2.11.0+cu128,2025.1.1.0,,sdpa_cudnn,0,fp32,1,8,4096,64,0,,,,,,run=2026-09-03T06:54:17Z;backend_refused:Memory efficient kernel not used because: (Triggered internally at /pytorch/aten/src/ATen/native/transformers/cuda/sdp_utils.cpp:986.) | Memory Efficient attention has been runtime disabled. (Triggere
3add37c,Tesla T4,580.82.07,12.8.93,2.11.0+cu128,2025.1.1.0,,flash_attn,0,fp32,1,8,4096,64,0,,,,,,run=2026-09-03T06:54:17Z;backend_refused:not importable: No module named 'flash_attn'
3add37c,Tesla T4,580.82.07,12.8.93,2.11.0+cu128,2025.1.1.0,585,tiled,2,fp32,1,8,4096,64,0,120.2978,120.2869,120.3098,0.286,18.1,run=2026-09-03T06:54:17Z;clock_lock=585;iters=100;max_err=4.814e-07 torch_same_dtype_err=1.344e-07 tol=1.269e-06 cap=1e-04
3add37c,Tesla T4,580.82.07,12.8.93,2.11.0+cu128,2025.1.1.0,585,sdpa_efficient,0,fp32,1,8,4096,64,0,23.1112,23.0922,23.1301,1.487,1.5,run=2026-09-03T06:54:17Z;clock_lock=585;iters=100;max_err=3.817e-07 torch_same_dtype_err=1.344e-07 tol=1.269e-06 cap=1e-04
3add37c,Tesla T4,580.82.07,12.8.93,2.11.0+cu128,2025.1.1.0,585,sdpa_math_fp32,0,fp32,1,8,4096,64,0,30.0001,29.9943,30.7182,1.145,72.7,oracle_not_speed_baseline;run=2026-09-03T06:54:17Z;clock_lock=585;clock=540-585;iters=100;max_err=5.112e-07 torch_same_dtype_err=1.344e-07 tol=1.269e-06 cap=1e-04
3add37c,Tesla T4,580.82.07,12.8.93,2.11.0+cu128,2025.1.1.0,585,torch_unfused,0,fp32,1,8,4096,64,0,26.4680,26.4561,27.2120,1.298,82.4,run=2026-09-03T06:54:17Z;clock_lock=585;clock=540-585;iters=100;max_err=4.814e-07 torch_same_dtype_err=1.344e-07 tol=1.269e-06 cap=1e-04
3add37c,Tesla T4,580.82.07,12.8.93,2.11.0+cu128,2025.1.1.0,,sdpa_flash,0,fp32,1,8,4096,64,1,,,,,,flops=full;run=2026-09-03T06:54:17Z;backend_refused:Memory efficient kernel not used because: (Triggered internally at /pytorch/aten/src/ATen/native/transformers/cuda/sdp_utils.cpp:986.) | Memory Efficient attention has been runtime disabled. (Triggere
3add37c,Tesla T4,580.82.07,12.8.93,2.11.0+cu128,2025.1.1.0,,sdpa_cudnn,0,fp32,1,8,4096,64,1,,,,,,flops=full;run=2026-09-03T06:54:17Z;backend_refused:Memory efficient kernel not used because: (Triggered internally at /pytorch/aten/src/ATen/native/transformers/cuda/sdp_utils.cpp:986.) | Memory Efficient attention has been runtime disabled. (Triggere
3add37c,Tesla T4,580.82.07,12.8.93,2.11.0+cu128,2025.1.1.0,,flash_attn,0,fp32,1,8,4096,64,1,,,,,,flops=full;run=2026-09-03T06:54:17Z;backend_refused:not importable: No module named 'flash_attn'
3add37c,Tesla T4,580.82.07,12.8.93,2.11.0+cu128,2025.1.1.0,585,tiled,2,fp32,1,8,4096,64,1,71.2425,71.2232,71.2765,0.482,30.6,flops=full;run=2026-09-03T06:54:17Z;clock_lock=585;iters=100;max_err=6.650e-07 torch_same_dtype_err=6.054e-07 tol=2.211e-06 cap=1e-04
3add37c,Tesla T4,580.82.07,12.8.93,2.11.0+cu128,2025.1.1.0,585,sdpa_efficient,0,fp32,1,8,4096,64,1,12.7313,12.5061,12.9527,2.699,2.6,flops=full;run=2026-09-03T06:54:17Z;clock_lock=585;iters=100;max_err=5.775e-07 torch_same_dtype_err=6.054e-07 tol=2.211e-06 cap=1e-04
3add37c,Tesla T4,580.82.07,12.8.93,2.11.0+cu128,2025.1.1.0,585,sdpa_math_fp32,0,fp32,1,8,4096,64,1,38.2991,38.2893,38.3080,0.897,56.9,oracle_not_speed_baseline;flops=full;run=2026-09-03T06:54:17Z;clock_lock=585;iters=100;max_err=5.433e-07 torch_same_dtype_err=6.054e-07 tol=2.211e-06 cap=1e-04
3add37c,Tesla T4,580.82.07,12.8.93,2.11.0+cu128,2025.1.1.0,585,torch_unfused,0,fp32,1,8,4096,64,1,36.8639,36.8503,36.8743,0.932,59.2,flops=full;run=2026-09-03T06:54:17Z;clock_lock=585;iters=100;max_err=6.054e-07 torch_same_dtype_err=6.054e-07 tol=2.211e-06 cap=1e-04
3add37c,Tesla T4,580.82.07,12.8.93,2.11.0+cu128,2025.1.1.0,,sdpa_flash,0,fp32,8,32,4096,64,0,,,,,,run=2026-09-03T06:54:17Z;backend_refused:Memory efficient kernel not used because: (Triggered internally at /pytorch/aten/src/ATen/native/transformers/cuda/sdp_utils.cpp:986.) | Memory Efficient attention has been runtime disabled. (Triggere
3add37c,Tesla T4,580.82.07,12.8.93,2.11.0+cu128,2025.1.1.0,,sdpa_cudnn,0,fp32,8,32,4096,64,0,,,,,,run=2026-09-03T06:54:17Z;backend_refused:Memory efficient kernel not used because: (Triggered internally at /pytorch/aten/src/ATen/native/transformers/cuda/sdp_utils.cpp:986.) | Memory Efficient attention has been runtime disabled. (Triggere
3add37c,Tesla T4,580.82.07,12.8.93,2.11.0+cu128,2025.1.1.0,,flash_attn,0,fp32,8,32,4096,64,0,,,,,,run=2026-09-03T06:54:17Z;backend_refused:not importable: No module named 'flash_attn'
3add37c,Tesla T4,580.82.07,12.8.93,2.11.0+cu128,2025.1.1.0,585,sdpa_efficient,0,fp32,8,32,4096,64,0,717.6440,717.5199,717.7750,1.532,1.5,run=2026-09-03T06:54:17Z;clock_lock=585;iters=100;max_err=4.435e-07 torch_same_dtype_err=3.047e-07 tol=1.609e-06 cap=1e-04
3add37c,Tesla T4,580.82.07,12.8.93,2.11.0+cu128,2025.1.1.0,,sdpa_math_fp32,0,fp32,8,32,4096,64,0,,,,,,oracle_not_speed_baseline;run=2026-09-03T06:54:17Z;oom_by_design
3add37c,Tesla T4,580.82.07,12.8.93,2.11.0+cu128,2025.1.1.0,,torch_unfused,0,fp32,8,32,4096,64,0,,,,,,run=2026-09-03T06:54:17Z;oom_by_design
3add37c,Tesla T4,580.82.07,12.8.93,2.11.0+cu128,2025.1.1.0,,sdpa_flash,0,fp32,8,32,4096,64,1,,,,,,flops=full;run=2026-09-03T06:54:17Z;backend_refused:Memory efficient kernel not used because: (Triggered internally at /pytorch/aten/src/ATen/native/transformers/cuda/sdp_utils.cpp:986.) | Memory Efficient attention has been runtime disabled. (Triggere
3add37c,Tesla T4,580.82.07,12.8.93,2.11.0+cu128,2025.1.1.0,,sdpa_cudnn,0,fp32,8,32,4096,64,1,,,,,,flops=full;run=2026-09-03T06:54:17Z;backend_refused:Memory efficient kernel not used because: (Triggered internally at /pytorch/aten/src/ATen/native/transformers/cuda/sdp_utils.cpp:986.) | Memory Efficient attention has been runtime disabled. (Triggere
3add37c,Tesla T4,580.82.07,12.8.93,2.11.0+cu128,2025.1.1.0,,flash_attn,0,fp32,8,32,4096,64,1,,,,,,flops=full;run=2026-09-03T06:54:17Z;backend_refused:not importable: No module named 'flash_attn'
3add37c,Tesla T4,580.82.07,12.8.93,2.11.0+cu128,2025.1.1.0,585,sdpa_efficient,0,fp32,8,32,4096,64,1,365.7185,365.5224,365.9684,3.006,2.9,flops=full;run=2026-09-03T06:54:17Z;clock_lock=585;iters=100;max_err=8.574e-07 torch_same_dtype_err=8.574e-07 tol=2.715e-06 cap=1e-04
3add37c,Tesla T4,580.82.07,12.8.93,2.11.0+cu128,2025.1.1.0,,sdpa_math_fp32,0,fp32,8,32,4096,64,1,,,,,,oracle_not_speed_baseline;flops=full;run=2026-09-03T06:54:17Z;oom_by_design
3add37c,Tesla T4,580.82.07,12.8.93,2.11.0+cu128,2025.1.1.0,,torch_unfused,0,fp32,8,32,4096,64,1,,,,,,flops=full;run=2026-09-03T06:54:17Z;oom_by_design
3add37c,Tesla T4,580.82.07,12.8.93,2.11.0+cu128,2025.1.1.0,,sdpa_flash,0,fp32,1,8,4096,128,0,,,,,,run=2026-09-03T06:54:17Z;backend_refused:Memory efficient kernel not used because: (Triggered internally at /pytorch/aten/src/ATen/native/transformers/cuda/sdp_utils.cpp:986.) | Memory Efficient attention has been runtime disabled. (Triggere
3add37c,Tesla T4,580.82.07,12.8.93,2.11.0+cu128,2025.1.1.0,,sdpa_cudnn,0,fp32,1,8,4096,128,0,,,,,,run=2026-09-03T06:54:17Z;backend_refused:Memory efficient kernel not used because: (Triggered internally at /pytorch/aten/src/ATen/native/transformers/cuda/sdp_utils.cpp:986.) | Memory Efficient attention has been runtime disabled. (Triggere
3add37c,Tesla T4,580.82.07,12.8.93,2.11.0+cu128,2025.1.1.0,,flash_attn,0,fp32,1,8,4096,128,0,,,,,,run=2026-09-03T06:54:17Z;backend_refused:not importable: No module named 'flash_attn'
3add37c,Tesla T4,580.82.07,12.8.93,2.11.0+cu128,2025.1.1.0,585,tiled,2,fp32,1,8,4096,128,0,233.5706,233.5608,233.5953,0.294,9.5,run=2026-09-03T06:54:17Z;clock_lock=585;iters=100;max_err=3.680e-07 torch_same_dtype_err=1.800e-07 tol=1.360e-06 cap=1e-04
3add37c,Tesla T4,580.82.07,12.8.93,2.11.0+cu128,2025.1.1.0,585,sdpa_efficient,0,fp32,1,8,4096,128,0,41.6336,41.6177,41.6461,1.651,1.6,run=2026-09-03T06:54:17Z;clock_lock=585;iters=100;max_err=3.544e-07 torch_same_dtype_err=1.800e-07 tol=1.360e-06 cap=1e-04
3add37c,Tesla T4,580.82.07,12.8.93,2.11.0+cu128,2025.1.1.0,585,sdpa_math_fp32,0,fp32,1,8,4096,128,0,41.5005,41.4902,42.8571,1.656,53.4,oracle_not_speed_baseline;run=2026-09-03T06:54:17Z;clock=unlocked;clock_lock_failed=585;clock=525-585;noisy_clock;iters=100;max_err=3.961e-07 torch_same_dtype_err=1.800e-07 tol=1.360e-06 cap=1e-04
3add37c,Tesla T4,580.82.07,12.8.93,2.11.0+cu128,2025.1.1.0,570,torch_unfused,0,fp32,1,8,4096,128,0,39.3999,38.1894,39.9748,1.744,56.2,run=2026-09-03T06:54:17Z;clock=unlocked;clock_lock_failed=585;clock=540-585;iters=100;max_err=3.613e-07 torch_same_dtype_err=1.800e-07 tol=1.360e-06 cap=1e-04
3add37c,Tesla T4,580.82.07,12.8.93,2.11.0+cu128,2025.1.1.0,,sdpa_flash,0,fp32,1,8,4096,128,1,,,,,,flops=full;run=2026-09-03T06:54:17Z;backend_refused:Memory efficient kernel not used because: (Triggered internally at /pytorch/aten/src/ATen/native/transformers/cuda/sdp_utils.cpp:986.) | Memory Efficient attention has been runtime disabled. (Triggere
3add37c,Tesla T4,580.82.07,12.8.93,2.11.0+cu128,2025.1.1.0,,sdpa_cudnn,0,fp32,1,8,4096,128,1,,,,,,flops=full;run=2026-09-03T06:54:17Z;backend_refused:Memory efficient kernel not used because: (Triggered internally at /pytorch/aten/src/ATen/native/transformers/cuda/sdp_utils.cpp:986.) | Memory Efficient attention has been runtime disabled. (Triggere
3add37c,Tesla T4,580.82.07,12.8.93,2.11.0+cu128,2025.1.1.0,,flash_attn,0,fp32,1,8,4096,128,1,,,,,,flops=full;run=2026-09-03T06:54:17Z;backend_refused:not importable: No module named 'flash_attn'
3add37c,Tesla T4,580.82.07,12.8.93,2.11.0+cu128,2025.1.1.0,585,tiled,2,fp32,1,8,4096,128,1,135.4021,135.3857,135.4458,0.508,16.4,flops=full;run=2026-09-03T06:54:17Z;clock_lock=585;iters=100;max_err=9.125e-07 torch_same_dtype_err=9.125e-07 tol=2.825e-06 cap=1e-04
3add37c,Tesla T4,580.82.07,12.8.93,2.11.0+cu128,2025.1.1.0,585,sdpa_efficient,0,fp32,1,8,4096,128,1,22.0179,21.8267,22.2560,3.121,3.1,flops=full;run=2026-09-03T06:54:17Z;clock_lock=585;iters=100;max_err=9.101e-07 torch_same_dtype_err=9.125e-07 tol=2.825e-06 cap=1e-04
3add37c,Tesla T4,580.82.07,12.8.93,2.11.0+cu128,2025.1.1.0,585,sdpa_math_fp32,0,fp32,1,8,4096,128,1,49.7928,49.7829,49.8029,1.380,44.5,oracle_not_speed_baseline;flops=full;run=2026-09-03T06:54:17Z;clock_lock=585;iters=100;max_err=6.650e-07 torch_same_dtype_err=9.125e-07 tol=2.825e-06 cap=1e-04
3add37c,Tesla T4,580.82.07,12.8.93,2.11.0+cu128,2025.1.1.0,585,torch_unfused,0,fp32,1,8,4096,128,1,48.2122,48.1976,48.2251,1.425,45.9,flops=full;run=2026-09-03T06:54:17Z;clock_lock=585;iters=100;max_err=9.125e-07 torch_same_dtype_err=9.125e-07 tol=2.825e-06 cap=1e-04
3add37c,Tesla T4,580.82.07,12.8.93,2.11.0+cu128,2025.1.1.0,,sdpa_flash,0,fp32,8,32,4096,128,0,,,,,,run=2026-09-03T06:54:17Z;backend_refused:Memory efficient kernel not used because: (Triggered internally at /pytorch/aten/src/ATen/native/transformers/cuda/sdp_utils.cpp:986.) | Memory Efficient attention has been runtime disabled. (Triggere
3add37c,Tesla T4,580.82.07,12.8.93,2.11.0+cu128,2025.1.1.0,,sdpa_cudnn,0,fp32,8,32,4096,128,0,,,,,,run=2026-09-03T06:54:17Z;backend_refused:Memory efficient kernel not used because: (Triggered internally at /pytorch/aten/src/ATen/native/transformers/cuda/sdp_utils.cpp:986.) | Memory Efficient attention has been runtime disabled. (Triggere
3add37c,Tesla T4,580.82.07,12.8.93,2.11.0+cu128,2025.1.1.0,,flash_attn,0,fp32,8,32,4096,128,0,,,,,,run=2026-09-03T06:54:17Z;backend_refused:not importable: No module named 'flash_attn'
3add37c,Tesla T4,580.82.07,12.8.93,2.11.0+cu128,2025.1.1.0,585,sdpa_efficient,0,fp32,8,32,4096,128,0,1308.9543,1308.9065,1309.0022,1.680,1.6,run=2026-09-03T06:54:17Z;clock_lock=585;iters=100;max_err=3.609e-07 torch_same_dtype_err=2.392e-07 tol=1.478e-06 cap=1e-04
3add37c,Tesla T4,580.82.07,12.8.93,2.11.0+cu128,2025.1.1.0,,sdpa_math_fp32,0,fp32,8,32,4096,128,0,,,,,,oracle_not_speed_baseline;run=2026-09-03T06:54:17Z;oom_by_design
3add37c,Tesla T4,580.82.07,12.8.93,2.11.0+cu128,2025.1.1.0,,torch_unfused,0,fp32,8,32,4096,128,0,,,,,,run=2026-09-03T06:54:17Z;oom_by_design
3add37c,Tesla T4,580.82.07,12.8.93,2.11.0+cu128,2025.1.1.0,,sdpa_flash,0,fp32,8,32,4096,128,1,,,,,,flops=full;run=2026-09-03T06:54:17Z;backend_refused:Memory efficient kernel not used because: (Triggered internally at /pytorch/aten/src/ATen/native/transformers/cuda/sdp_utils.cpp:986.) | Memory Efficient attention has been runtime disabled. (Triggere
3add37c,Tesla T4,580.82.07,12.8.93,2.11.0+cu128,2025.1.1.0,,sdpa_cudnn,0,fp32,8,32,4096,128,1,,,,,,flops=full;run=2026-09-03T06:54:17Z;backend_refused:Memory efficient kernel not used because: (Triggered internally at /pytorch/aten/src/ATen/native/transformers/cuda/sdp_utils.cpp:986.) | Memory Efficient attention has been runtime disabled. (Triggere
3add37c,Tesla T4,580.82.07,12.8.93,2.11.0+cu128,2025.1.1.0,,flash_attn,0,fp32,8,32,4096,128,1,,,,,,flops=full;run=2026-09-03T06:54:17Z;backend_refused:not importable: No module named 'flash_attn'
3add37c,Tesla T4,580.82.07,12.8.93,2.11.0+cu128,2025.1.1.0,585,sdpa_efficient,0,fp32,8,32,4096,128,1,669.4496,669.2423,669.7171,3.285,3.2,flops=full;run=2026-09-03T06:54:17Z;clock_lock=585;iters=100;max_err=9.141e-07 torch_same_dtype_err=7.651e-07 tol=2.530e-06 cap=1e-04
3add37c,Tesla T4,580.82.07,12.8.93,2.11.0+cu128,2025.1.1.0,,sdpa_math_fp32,0,fp32,8,32,4096,128,1,,,,,,oracle_not_speed_baseline;flops=full;run=2026-09-03T06:54:17Z;oom_by_design
3add37c,Tesla T4,580.82.07,12.8.93,2.11.0+cu128,2025.1.1.0,,torch_unfused,0,fp32,8,32,4096,128,1,,,,,,flops=full;run=2026-09-03T06:54:17Z;oom_by_design
